,City,Lat,Lng,Max Temp,Humidity,Cloudiness,Wind Speed,Country,Date
0,Mnogovershinnyy,53.19350314007715,138.6108625214822,41.88,81.0,0.0,1.1,RU,1599930330.0
1,Tessalit,20.09598737237636,0.5632836855671286,105.24,8.0,49.0,4.92,ML,1599930330.0
2,Taolanaro,-83.868865904513,67.49076458691896,,,,,MG,
3,Nabire,-2.5278542532570802,136.6057146840367,76.37,91.0,96.0,5.39,ID,1599930330.0
4,Bathsheba,15.464106110938985,-56.58526738415977,89.6,62.0,20.0,10.29,BB,1599930065.0
5,Ushuaia,-57.76454903038497,-49.47733723673315,39.2,80.0,40.0,5.82,AR,1599930331.0
6,Zhangzhou,24.64169388849337,117.28980095530267,78.8,94.0,90.0,4.47,CN,1599930331.0
7,Kutum,15.573889031608685,24.694070704033095,82.44,51.0,61.0,5.3,SD,1599930331.0
8,New Norfolk,-66.71233135417427,134.47143187266397,43.0,79.0,60.0,1.01,AU,1599930332.0
9,Petropavlovsk-Kamchatskiy,47.2736143977735,162.98677731849955,41.0,100.0,19.0,8.95,RU,1599930332.0
10,Ribeira Grande,32.910128926518276,-35.11045111321676,75.2,73.0,40.0,8.05,PT,1599930332.0
11,Punta Arenas,-65.07002733626064,-104.69055134510889,44.01,66.0,75.0,10.29,CL,1599930256.0
12,Najran,17.353548533686237,48.69420162518661,91.4,14.0,20.0,6.93,SA,1599930130.0
13,Norman Wells,71.97242029059638,-121.16591949079721,39.2,86.0,75.0,19.46,CA,1599930033.0
14,Hasaki,21.851669478405018,157.75582019736453,72.0,100.0,75.0,5.82,JP,1599929989.0
15,Laguna,-33.748213942170004,-40.02359600486141,66.0,77.0,90.0,3.94,BR,1599929898.0
16,Paamiut,60.443376869562655,-49.3703062012526,38.19,71.0,2.0,8.84,GL,1599930089.0
17,Olinda,-8.466948100272697,-27.122365004515498,82.4,58.0,20.0,14.99,BR,1599930333.0
18,Campbell River,51.31810387449209,-125.79660571706034,63.0,93.0,75.0,3.36,CA,1599930333.0
19,Puerto Ayora,-13.806044253477321,-96.70150741917179,75.2,64.0,20.0,9.17,EC,1599930334.0
20,Macaboboni,16.14268747417662,119.1798426271306,,,,,PH,
21,Nikolskoye,47.64409973417004,173.8955492437362,55.99,82.0,40.0,8.95,RU,1599930039.0
22,Zhangye,36.959866984420614,99.3355575084542,62.92,41.0,92.0,1.68,CN,1599930337.0
23,Sitka,56.590398288522074,-137.7519091810206,46.4,87.0,40.0,2.68,US,1599930115.0
24,Tasiilaq,60.054666824215026,-35.40065309872584,37.4,59.0,75.0,3.36,GL,1599929995.0
25,Coquimbo,-28.059007944407558,-91.0993035903556,55.4,82.0,90.0,8.05,CL,1599930128.0
26,Constitucion,19.81187018489784,-118.10655536454401,57.7,58.0,0.0,16.64,MX,1599930123.0
27,Tucuma,-0.6075444406010422,-49.69312225539128,90.66,55.0,3.0,7.49,BR,1599930338.0
28,Bluff,-69.85955508041843,171.29867826163525,46.99,93.0,100.0,3.0,NZ,1599929950.0
29,Hilo,23.645720392145773,-152.47496507300826,71.6,73.0,1.0,5.82,US,1599929973.0
30,Mataura,-85.73322037414462,-160.85780458514407,46.99,93.0,100.0,3.0,PF,1599929959.0
31,Cap Malheureux,-14.74367452832004,56.1965252699243,69.01,83.0,0.0,3.0,MU,1599930338.0
32,Rikitea,-13.897172161033835,-126.44889504310396,72.77,88.0,39.0,8.32,PF,1599929961.0
33,Oistins,10.84624862093679,-56.114731258798344,89.6,62.0,20.0,10.29,BB,1599930319.0
34,Opuwo,-19.40276405537065,9.277722094806633,72.32,20.0,0.0,3.56,NA,1599930343.0
35,Victoria,-4.665648574903349,49.547464376278405,80.6,88.0,40.0,5.82,SC,1599929724.0
36,Saint-Augustin,52.48589648616437,-60.42730646422216,59.11,43.0,61.0,16.28,CA,1599930344.0
37,Cape Town,-48.82143990148923,9.394901235352837,66.99,72.0,25.0,11.41,ZA,1599929814.0
38,Port Elizabeth,-49.879742488293786,27.216895721084246,66.2,88.0,56.0,8.05,ZA,1599929701.0
39,Alyangula,-17.14181079639214,137.4997099378339,66.2,93.0,55.0,4.63,AU,1599929990.0
40,Stoyba,52.814452917300684,131.45566836372353,,,,,RU,
41,College,67.14401605115837,-151.78756712247812,39.99,86.0,75.0,1.7,US,1599930118.0
42,Cidreira,-35.621171182542966,-42.528384551703155,63.45,93.0,100.0,9.35,BR,1599930006.0
43,Sobolevo,54.96277252761488,156.03958511513198,52.92,83.0,49.0,5.44,RU,1599930348.0
44,Caravelas,-22.146640071568616,-29.360155444205024,80.13,56.0,0.0,8.52,BR,1599929989.0
45,East London,-41.244837496019336,35.12835695897843,68.0,77.0,20.0,13.87,ZA,1599929717.0
46,Christchurch,-50.82042872626968,178.3076637498851,44.01,100.0,76.0,3.36,NZ,1599929819.0
47,Illoqqortoormiut,79.733915777655,-25.125721998251997,,,,,GL,
48,Chuy,-39.15766445525112,-48.69868515713823,57.15,56.0,78.0,7.65,UY,1599929988.0
49,Atuona,2.8877101826897844,-150.73722975117843,78.31,72.0,96.0,20.45,PF,1599929969.0
50,Provideniya,58.495042075978404,-174.42527516388452,39.74,81.0,100.0,8.86,RU,1599929974.0
51,Vaini,-70.35714841903383,-179.87893206965,68.0,68.0,35.0,8.05,TO,1599930016.0
52,Longyearbyen,81.10508073940264,25.09277353491122,39.2,86.0,75.0,5.82,SJ,1599929985.0
53,Saleaula,3.3388072400999103,-173.3044602728096,,,,,WS,
54,Kodiak,45.62090201648427,-147.79661880729702,42.8,70.0,1.0,4.7,US,1599930022.0
55,Teyateyaneng,-29.51088998379866,27.795851878919862,62.2,29.0,0.0,5.26,LS,1599930350.0
56,Dingle,50.88294254176662,-22.579440539563667,76.68,89.0,70.0,2.77,IE,1599930136.0
57,Tiksi,86.71501222097564,128.39366796042782,43.32,81.0,34.0,6.93,RU,1599929970.0
58,Saint-Pierre,43.949290276731844,-55.10910149049199,71.6,78.0,47.0,11.41,PM,1599930133.0
59,Jamestown,-9.207656492612028,1.439589907511234,71.01,68.0,1.0,9.17,SH,1599929977.0
60,Barentsburg,85.21755361712874,7.837426160592258,,,,,SJ,
61,Kruisfontein,-44.79744972042946,26.231100215396303,84.0,30.0,77.0,3.0,ZA,1599930353.0
62,Chokurdakh,71.69759037877631,144.9742728827618,43.07,76.0,21.0,3.62,RU,1599929960.0
63,Lebu,-36.032583919907566,-88.79048963593465,52.99,74.0,72.0,9.53,CL,1599929982.0
64,Mount Isa,-19.700048684235394,141.88292166263724,73.4,28.0,0.0,3.36,AU,1599929921.0
65,Yellowknife,80.77498033083106,-114.20847331712702,43.0,81.0,20.0,4.7,CA,1599929881.0
66,Sheregesh,52.96035833515398,88.04330405038979,39.38,82.0,0.0,3.96,RU,1599930354.0
67,Mahebourg,-40.37666626946033,75.14923612170958,71.6,88.0,40.0,6.93,MU,1599930125.0
68,Flin Flon,59.081409634844036,-101.9597267454758,50.0,61.0,75.0,18.34,CA,1599929986.0
69,Beringovskiy,58.390769041803686,175.1824651908799,47.55,76.0,100.0,32.28,RU,1599930354.0
70,Tsihombe,-60.32033010354479,52.224579175971364,,,,,MG,
71,Narsaq,84.57930217589585,-60.63923262042336,46.4,26.0,20.0,4.7,GL,1599930120.0
72,Tumannyy,76.73060946156002,37.72680680999556,,,,,RU,
73,Vardo,83.16021764257202,34.426375167205435,50.68,78.0,100.0,12.21,NO,1599930160.0
74,Naze,27.524323869804846,133.66710073944034,80.6,88.0,70.0,5.82,JP,1599930355.0
75,Waverly,42.61166353807303,-84.71372126576426,71.01,72.0,90.0,9.17,US,1599930355.0
76,Hithadhoo,-20.800906354938874,85.53500711426388,81.95,77.0,22.0,9.78,MV,1599930049.0
77,Faanui,-4.308632656343888,-159.97229192843366,77.74,79.0,69.0,14.29,PF,1599929964.0
78,Antofagasta,-24.425241567024976,-70.76352538030609,62.6,63.0,20.0,11.41,CL,1599929998.0
79,Thompson,57.862823315639005,-93.04896137393764,42.8,81.0,75.0,16.11,CA,1599929978.0
80,Deyang,31.143959012079087,104.44127916151375,70.0,53.0,100.0,1.01,CN,1599930356.0
81,Ilulissat,77.62412445683636,-42.22635093626124,33.8,74.0,75.0,4.7,GL,1599929969.0
82,Port Hardy,45.66608242560541,-134.55360476570283,55.4,93.0,90.0,2.24,CA,1599930088.0
83,Codrington,23.517680529672134,-55.362525760405546,47.26,88.0,69.0,5.84,AG,1599930030.0
84,Karlskoga,59.476763097385245,14.741357837285712,57.2,76.0,74.0,16.11,SE,1599930208.0
85,Usinsk,68.52716878662933,56.64327065166336,43.9,91.0,23.0,10.4,RU,1599930357.0
86,Jinhua,28.84531591678977,119.92184198683076,68.04,86.0,97.0,1.43,CN,1599930357.0
87,Portimao,36.90833418145126,-8.519266409010386,82.4,54.0,92.0,10.29,PT,1599930315.0
88,Santa Flavia,38.65223796643693,13.813590398035863,73.0,72.0,83.0,5.99,IT,1599930358.0
89,Bud,65.79064507514497,6.046827747755119,75.99,78.0,40.0,3.36,NO,1599930358.0
90,Kapaa,12.230297286933196,-166.9318195014577,75.2,88.0,90.0,9.17,US,1599929957.0
91,Attawapiskat,67.69674890778897,-86.51123890267115,,,,,CA,
92,Rio Grande,-34.149378580589065,-48.660428724626755,57.2,100.0,90.0,2.24,BR,1599930358.0
93,Ponta Do Sol,19.98375027914537,-30.97734146885657,77.0,73.0,40.0,4.7,CV,1599930024.0
94,Georgetown,-16.21585941099838,-14.780035937541946,77.0,94.0,40.0,2.24,SH,1599929929.0
95,Albany,-42.02568338766721,120.89010868986695,69.01,65.0,22.0,6.06,AU,1599930359.0
96,Vaitupu,-11.026423905071907,-174.53501541147034,,,,,WF,
97,Yar-Sale,70.15838041325432,69.92852801272903,52.84,79.0,90.0,0.85,RU,1599929956.0
98,Marquette,46.453323705887954,-88.44482874112487,57.99,95.0,100.0,12.5,US,1599930360.0
99,Labutta,15.866886174523406,94.37194079643176,,,,,MM,
100,Kargil,35.878408542099066,76.48740223266861,56.73,38.0,27.0,6.69,IN,1599930360.0
101,Busselton,-61.363854626859066,88.90092671095336,50.0,76.0,45.0,3.49,AU,1599929975.0
102,Airai,15.310152951451373,142.04888281936434,54.28,54.0,2.0,3.06,PW,1599930078.0
103,Arys,41.82942526777977,68.45559672779885,66.2,34.0,0.0,4.47,KZ,1599930360.0
104,Parit Buntar,4.918787274336887,100.20646737423333,77.0,100.0,40.0,3.36,MY,1599930361.0
105,Champerico,13.004113643468845,-92.9658178360564,77.0,82.0,53.0,5.06,GT,1599930361.0
106,Castro,-45.10203098311824,-88.62609215606135,86.04,30.0,5.0,10.18,CL,1599929965.0
107,Geraldton,-29.87395434660534,111.0858682539926,48.2,93.0,0.0,9.17,AU,1599930083.0
108,Upernavik,78.69637960088444,-56.589223462916834,32.2,85.0,0.0,6.93,GL,1599929982.0
109,Butaritari,17.32821166969732,174.8115319937032,81.32,74.0,100.0,13.33,KI,1599929962.0
110,Erenhot,44.12882715223156,110.44917146261042,68.63,36.0,31.0,11.86,CN,1599930362.0
111,Lavrentiya,67.89299104773677,-170.27021689010402,39.4,84.0,13.0,0.78,RU,1599929958.0
112,Tuktoyaktuk,74.53605561079169,-137.07383989797253,30.2,80.0,90.0,17.22,CA,1599930056.0
113,Carnarvon,-22.850718183240073,110.11449464700858,64.4,72.0,13.0,17.22,AU,1599929951.0
114,Arraial Do Cabo,-43.973186692139116,-26.501749278282592,87.8,58.0,23.0,16.11,BR,1599929954.0
115,Olafsvik,67.52115207173156,-29.29869227028173,44.91,74.0,100.0,24.85,IS,1599930129.0
116,Mayor Pablo Lagerenza,-20.395922161744686,-61.870817814464075,104.4,16.0,0.0,11.14,PY,1599930115.0
117,Marawi,18.851256467800333,32.93629240188711,75.0,93.0,100.0,5.01,SD,1599930153.0
118,Ossora,58.69975423518304,161.86117859220855,45.34,80.0,100.0,17.18,RU,1599930363.0
119,Leningradskiy,86.89045660905673,177.31455102954965,37.26,91.0,9.0,3.49,RU,1599930093.0
120,Pauini,-6.864339633093053,-67.93435727041513,104.31,25.0,0.0,3.38,BR,1599930168.0
121,Bredasdorp,-59.53456176159507,17.067028136103705,68.0,45.0,0.0,12.75,ZA,1599929971.0
122,Kamyshevatskaya,46.446964733632484,37.944172834208565,76.46,41.0,0.0,16.04,RU,1599930363.0
123,Sorvag,59.727586612921385,-11.666433510350965,,,,,FO,
124,Grand Centre,56.84408275420077,-110.6243129669477,,,,,CA,
125,Egvekinot,64.40585312005098,-177.73590945444434,41.9,76.0,94.0,5.12,RU,1599930104.0
126,Yamada,38.24196970381852,147.06927576294112,68.79,92.0,100.0,13.89,JP,1599930189.0
127,Chifeng,43.466008011764785,118.65757997070267,57.51,85.0,88.0,0.58,CN,1599930201.0
128,Sao Gabriel Da Cachoeira,0.29047517231762465,-68.63039855064349,89.6,62.0,40.0,6.93,BR,1599930364.0
129,Angoche,-17.2714884686568,40.543878944170125,74.46,84.0,13.0,12.28,MZ,1599930364.0
130,Ozark,31.55955275745809,-85.39846580748349,75.0,82.0,91.0,4.32,US,1599930365.0
131,Yuscaran,13.988029630700735,-86.78776924279364,78.01,65.0,40.0,4.7,HN,1599930366.0
132,Morehead,-7.752105679180992,141.7845844135371,86.0,83.0,1.0,3.36,PG,1599930366.0
133,Greymouth,-42.03546764304391,171.1261843857431,45.23,82.0,99.0,2.15,NZ,1599930367.0
134,Sao Joao Da Barra,-33.58429127922555,-24.992011965181206,84.2,54.0,32.0,18.34,BR,1599930018.0
135,Manzanillo,18.87996970260817,-104.6052567145562,87.12,66.0,41.0,3.44,MX,1599930367.0
136,Belushya Guba,87.3318299786159,47.830917752353926,,,,,RU,
137,Berlevag,86.99683762235594,30.894190639620984,49.89,73.0,90.0,13.04,NO,1599930155.0
138,Hoima,1.1684093833088305,31.30672933555115,67.01,91.0,55.0,2.46,UG,1599930368.0
139,San Andres,13.458371444261445,-79.63671579718354,87.8,74.0,75.0,10.29,CO,1599930368.0
140,Boromo,11.868882902938921,-3.217281941306114,89.1,63.0,84.0,0.54,BF,1599930368.0
141,Severo-Kurilsk,42.72574689284103,158.9314626446641,49.62,86.0,78.0,19.46,RU,1599930003.0
142,Dikson,86.67312860660176,85.93385535082734,47.28,87.0,83.0,21.99,RU,1599929983.0
143,Isangel,-20.307727734774645,172.94797921764774,69.08,80.0,100.0,13.85,VU,1599930054.0
144,Pevek,87.4994106335125,172.5869262509392,41.99,85.0,0.0,4.79,RU,1599930017.0
145,Balagansk,53.87260897943151,103.45178884612119,46.92,94.0,100.0,4.38,RU,1599930369.0
146,Qaanaaq,79.98960565418815,-71.19467666868327,28.62,87.0,100.0,11.81,GL,1599929970.0
147,Mahajanga,-14.846103542830786,45.85198009677754,78.8,78.0,20.0,8.05,MG,1599930369.0
148,Prince Rupert,46.28805943238052,-136.85810417973676,53.6,93.0,1.0,4.7,CA,1599930371.0
149,Khorixas,-19.933885816533245,14.908284065290553,72.25,37.0,0.0,13.82,NA,1599930075.0
150,Tazovskiy,66.3421048927848,80.44124557546863,52.02,74.0,1.0,12.77,RU,1599930171.0
151,Zverinogolovskoye,53.99541348142426,65.21136284170811,57.52,70.0,79.0,5.91,RU,1599930371.0
152,Shatoy,42.73795490775725,45.74127422167451,73.4,56.0,0.0,6.71,RU,1599930372.0
153,Saskylakh,82.43635455804402,114.18818499285408,41.2,79.0,50.0,3.62,RU,1599929987.0
154,Zemio,4.9034776813871614,25.829059830602898,70.54,87.0,90.0,1.59,CF,1599930145.0
155,Avarua,-50.71324308175122,-161.4755294907307,77.0,88.0,14.0,8.05,CK,1599929960.0
156,Norsup,-16.815693658505413,166.20350312090898,76.12,82.0,83.0,15.95,VU,1599930373.0
157,San Felipe,31.171255696486295,-114.32963535956108,90.5,47.0,48.0,8.43,MX,1599930373.0
158,Beyneu,45.5814820905557,55.791570351003436,68.81,29.0,21.0,2.62,KZ,1599930132.0
159,Hamilton,27.803390052438825,-66.88384799823683,79.0,78.0,40.0,5.82,BM,1599930077.0
160,Jiddah,20.304974446833494,38.482507715939676,,,,,SA,
161,Lazarev,51.49581488347873,141.6578119216471,57.06,63.0,0.0,4.99,RU,1599930374.0
162,Conceicao Do Araguaia,-7.727740881322913,-49.345917305175824,105.17,10.0,0.0,5.53,BR,1599930374.0
163,Husavik,78.52706587772902,-8.65190043681429,44.6,75.0,75.0,17.22,IS,1599929978.0
164,Belaya Gora,67.95282346378676,146.42172113734281,42.12,76.0,29.0,3.2,RU,1599930159.0
165,Pacific Grove,34.67596506987158,-125.11325965462396,55.99,100.0,90.0,6.42,US,1599930078.0
166,Asosa,9.42537599054781,34.3331485557278,64.33,97.0,77.0,1.39,ET,1599930375.0
167,Esperance,-27.689904907948605,124.52080747997745,44.6,100.0,1.0,6.93,AU,1599930375.0
168,Katsuura,19.16494733299108,154.17383723550435,73.99,88.0,75.0,12.75,JP,1599929976.0
169,Nikel,68.71143810861287,29.905851789636813,51.8,71.0,100.0,19.46,RU,1599930375.0
170,Kautokeino,68.10045972476817,22.632700660726922,43.97,85.0,100.0,6.11,NO,1599930375.0
171,Deputatskiy,70.08091108866823,143.2316495060141,37.35,80.0,48.0,0.87,RU,1599930377.0
172,Itoman,22.307709661242264,130.35435252811524,82.4,88.0,40.0,8.05,JP,1599930143.0
173,Valmiera,57.357364264274125,25.464494916549516,60.01,75.0,50.0,1.99,LV,1599930378.0
174,Hambantota,1.4754946350417963,85.27562577384123,80.35,80.0,100.0,15.5,LK,1599930378.0
175,Zyryanskoye,56.947834550313544,86.65324987645585,47.88,86.0,24.0,3.47,RU,1599930378.0
176,Burnie,-45.885480285359485,140.15121250808818,46.99,87.0,81.0,4.0,AU,1599930162.0
177,Pochutla,7.145638465421317,-97.74090877303595,89.01,70.0,20.0,3.53,MX,1599930113.0
178,Severnoye,56.4678628414,78.2853798212568,51.89,92.0,100.0,8.05,RU,1599930125.0
179,Andenes,72.69349596442142,16.165526096466614,50.0,87.0,91.0,10.29,NO,1599930116.0
180,Kracheh,12.444487502541744,106.59556706458451,,,,,KH,
181,Galle,5.089547449856403,79.26965647511115,79.34,87.0,94.0,10.27,LK,1599930384.0
182,Pires Do Rio,-17.392465636806154,-47.943340860255475,92.95,13.0,0.0,13.49,BR,1599930143.0
183,Mastic Beach,40.00471669392703,-72.60315927181162,70.0,56.0,75.0,6.93,US,1599930384.0
184,Port-Cartier,55.493375592066045,-68.88633049924326,60.8,41.0,20.0,12.75,CA,1599930027.0
185,Nizhneyansk,88.83576364557862,135.10706743263938,,,,,RU,
186,Crixas,-14.100621156584195,-49.54453312574954,101.53,8.0,0.0,8.46,BR,1599930384.0
187,Hobart,-49.96532888622752,154.28710783342328,44.6,87.0,62.0,8.05,AU,1599930163.0
188,Lagoa,45.92851939903083,-33.08744030544788,70.61,74.0,0.0,4.54,PT,1599930035.0
189,Taoudenni,21.892624183191206,-8.453756831235463,106.2,14.0,68.0,15.08,ML,1599929990.0
190,Nago,25.862811198365982,129.56603503315102,82.4,88.0,20.0,5.82,JP,1599930138.0
191,Maltahohe,-24.293169450394274,16.065236879309236,73.92,21.0,31.0,15.23,NA,1599930385.0
192,Warmbad,-24.955115531244527,27.929824173260794,81.63,19.0,66.0,18.01,ZA,1599930385.0
193,Saint-Philippe,-43.36082853007217,63.8190051183059,71.6,78.0,35.0,11.41,RE,1599929988.0
194,Mchinji,-13.865552378527145,33.109866164306055,66.15,57.0,82.0,5.7,MW,1599930386.0
195,Kuche,36.52553562302169,84.42024746521486,,,,,CN,
196,Teguise,31.309093786474513,-14.306875643910917,78.8,69.0,20.0,6.93,ES,1599930386.0
197,Diapaga,11.619435145599532,1.9116425874633092,86.67,71.0,23.0,3.24,BF,1599930386.0
198,Mar Del Plata,-69.45895814491026,-26.010414221340042,62.6,36.0,0.0,18.34,AR,1599929964.0
199,Namatanai,-0.03756183231345522,153.7542400173755,79.57,85.0,13.0,7.2,PG,1599929996.0
200,Barrow,71.29889852756092,-157.1829716252872,32.0,92.0,90.0,9.17,US,1599929827.0
201,Bethel,64.6994521059295,-159.34595947149424,68.0,59.0,20.0,8.05,US,1599930081.0
202,Beverley,53.71332154454329,-0.5222475925545411,64.99,48.0,100.0,13.87,GB,1599930387.0
203,Byron Bay,-27.821507125558153,160.2998562634239,55.4,93.0,40.0,6.93,AU,1599930149.0
204,Maceio,-12.72324964887488,-31.783641520306322,80.6,65.0,75.0,11.41,BR,1599930221.0
205,Patrasaer,23.319138425795327,87.62489252886148,81.73,81.0,85.0,8.68,IN,1599930387.0
206,Ahmadpur,18.906186680232338,76.9703449573106,76.57,86.0,100.0,11.36,IN,1599930387.0
207,Saryshagan,46.8733912724953,72.51132581246716,,,,,KZ,
208,Khatanga,89.30561839474437,106.30643946660716,46.6,74.0,44.0,6.04,RU,1599930091.0
209,Colares,38.56478701366476,-12.57827602879103,84.2,47.0,100.0,6.93,PT,1599930082.0
210,Cabo San Lucas,12.980204313170574,-119.7770571104029,89.01,70.0,5.0,9.17,MX,1599930060.0
211,Whangarei,-35.82037216585133,174.30593694494132,39.99,3.0,11.0,1.01,NZ,1599930388.0
212,Ureki,42.04533358015963,41.08953101142912,77.0,88.0,40.0,2.57,GE,1599930388.0
213,Nemencine,54.966549741784476,25.32880283727718,61.0,72.0,0.0,8.05,LT,1599930388.0
214,Rawson,-50.58419183553951,-56.05882631586156,59.25,32.0,5.0,23.26,AR,1599930013.0
215,Lososina,49.19335383836982,140.75576230609659,50.94,84.0,59.0,2.77,RU,1599930389.0
216,Menongue,-16.070322548910443,18.40867972463563,73.56,18.0,3.0,4.54,AO,1599930114.0
217,Calabozo,9.042321272599628,-67.78985414694495,86.29,69.0,90.0,4.81,VE,1599930389.0
218,Samusu,-12.020713297175684,-163.9463016953067,,,,,WS,
219,Cherskiy,70.01602613924463,158.60771788334443,38.68,82.0,42.0,3.0,RU,1599930012.0
220,Kieta,-0.4133859283616059,159.2787652674289,77.67,79.0,1.0,4.0,PG,1599930163.0
221,Atka,61.019145470457325,151.8283615892694,,,,,RU,
222,Port Alfred,-62.94970321129928,39.05336155986052,72.05,58.0,36.0,12.93,ZA,1599929961.0
223,Sentyabrskiy,39.80478251695257,156.19422049631973,,,,,RU,
224,Chestermere,51.06044180485313,-113.92650415957823,60.01,76.0,75.0,12.75,CA,1599930390.0
225,Xam Nua,20.75297977217411,104.11550981399031,68.4,92.0,97.0,1.57,LA,1599930390.0
226,Kaitangata,-80.62498693841708,176.93850691005778,51.01,80.0,100.0,5.99,NZ,1599929954.0
227,Aklavik,72.48158640341674,-142.61385634564334,32.0,87.0,75.0,13.87,CA,1599930036.0
228,Carahue,-39.12691600378268,-74.5834651433434,50.0,87.0,90.0,6.93,CL,1599930391.0
229,Umzimvubu,-45.09205603564804,42.2621189113905,,,,,ZA,
230,Camacha,37.09439041127842,-15.167374487820695,73.4,69.0,20.0,5.82,PT,1599930391.0
231,Lewisburg,35.212254507618,-86.8663956638845,87.01,66.0,75.0,8.05,US,1599930391.0
232,Zvishavane,-20.629183992703634,29.85551599092759,64.6,51.0,56.0,5.53,ZW,1599930392.0
233,Hermanus,-89.87095767375419,-2.813593217643351,60.01,82.0,0.0,11.18,ZA,1599930392.0
234,Zhuozhou,39.5463145972638,115.94813876921852,,,,,CN,
235,Pemba,-12.80489245861234,41.72508480793044,77.0,83.0,75.0,13.87,MZ,1599930392.0
236,Roald,65.93509611167613,4.0844354015126605,51.8,76.0,75.0,21.92,NO,1599930150.0
237,Iqaluit,63.19729658210021,-69.77721362925038,42.8,70.0,75.0,3.36,CA,1599929956.0
238,Saint George,32.6429434600632,-52.119916735752724,75.99,19.0,1.0,2.82,BM,1599930142.0
239,Bolshevik,51.16687152529828,41.75748390995762,57.2,76.0,33.0,6.71,RU,1599930393.0
240,Benemerito De Las Americas,16.686860306034053,-90.89259019641764,92.64,47.0,38.0,1.81,MX,1599930393.0
241,Tshane,-24.38978384292637,21.848467272714586,69.84,22.0,0.0,9.42,BW,1599930393.0
242,Price,37.61724521863695,-110.85814331032935,62.6,27.0,1.0,3.36,US,1599930393.0
243,Severo-Yeniseyskiy,62.162557141403916,92.87545473683942,41.76,93.0,5.0,2.08,RU,1599930394.0
244,Havelock,32.37676070489645,-74.45347457082899,79.0,74.0,90.0,17.22,US,1599930169.0
245,Tambacounda,14.350540714959502,-13.92709129155155,89.6,62.0,40.0,9.17,SN,1599930394.0
246,Avera,-20.981630133722852,-153.04520012832097,86.0,79.0,75.0,11.41,PF,1599929980.0
247,Mehamn,76.44498401336627,28.48668010331515,49.08,74.0,55.0,10.38,NO,1599930394.0
248,Omboue,-1.6531408328286767,9.397548107931193,77.05,77.0,94.0,12.08,GA,1599930151.0
249,Luau,-12.021841255116893,22.120733240273786,78.93,20.0,83.0,2.37,AO,1599930395.0
250,Ambon,-5.13965007545437,128.87619491486356,78.66,80.0,64.0,13.09,ID,1599930395.0
251,Ketchikan,55.60840627820272,-133.54699929906113,53.6,81.0,20.0,4.7,US,1599930347.0
252,Shumskiy,53.47132549500084,98.2249414870629,46.0,93.0,100.0,6.02,RU,1599930395.0
253,Cagayan De Tawi-Tawi,7.498467610803808,119.68422744917008,,,,,PH,
254,Kaeo,-29.044556373363896,173.73502772392973,41.0,3.0,0.0,3.0,NZ,1599930149.0
255,Lata,-6.849983562109503,164.51260989384082,95.0,37.0,100.0,4.5,SB,1599930396.0
256,San Rafael,-34.72851926577827,-69.13325984108066,73.9,18.0,0.0,11.83,AR,1599930112.0
257,Preobrazheniye,43.256943138393936,134.1037053592246,55.35,86.0,100.0,19.1,RU,1599930396.0
258,Margate,-32.632888905217996,31.499503343130797,70.0,53.0,95.0,10.29,ZA,1599929974.0
259,Merauke,-6.670316556177273,138.590877498714,74.41,80.0,0.0,15.9,ID,1599930396.0
260,Ishigaki,22.074450758631567,123.85351047234639,83.77,77.0,100.0,8.57,JP,1599930397.0
261,Ahipara,-36.24259517310117,166.84217358831665,45.86,77.0,0.0,6.38,NZ,1599930397.0
262,Neustrelitz,53.22956124173126,12.832731625049176,66.0,60.0,52.0,4.0,DE,1599930397.0
263,Kisaran,2.6615231553614684,99.1539141735108,73.09,97.0,98.0,2.68,ID,1599930397.0
264,Aginskoye,54.82162659033307,94.63770078544516,50.43,80.0,60.0,5.88,RU,1599930398.0
265,Palembang,-2.3500544036412596,104.20944571061901,74.35,93.0,23.0,2.89,ID,1599930398.0
266,Vila Franca Do Campo,45.879804164621454,-20.42598739627154,75.2,64.0,20.0,11.41,PT,1599930033.0
267,Rocha,-45.954989219701815,-44.34315490158923,59.94,45.0,52.0,6.44,UY,1599929957.0
268,Moanda,-1.7911277709888318,13.005434889328097,76.17,83.0,57.0,2.64,GA,1599930398.0
269,Luderitz,-36.50155181415749,-3.0012795517224267,59.52,86.0,39.0,4.56,NA,1599929969.0
270,Bengkulu,-13.77793459454921,97.06440704673378,75.58,89.0,37.0,3.47,ID,1599930025.0
271,Sao Felix Do Xingu,-6.809920310206225,-50.9584247510724,104.99,14.0,0.0,4.74,BR,1599930399.0
272,Portel,-2.7506676359958684,-50.73459776130121,96.82,39.0,51.0,2.86,BR,1599930399.0
273,Nguiu,-8.883520765581299,128.51857727050336,,,,,AU,
274,Asau,-11.390908198548583,179.95010812007396,62.01,83.0,17.0,0.54,TV,1599930097.0
275,Asbury Park,40.12453095863815,-73.70823799617504,71.01,60.0,75.0,12.75,US,1599930399.0
276,Kysyl-Syr,64.66450099868234,123.04797593101941,48.94,88.0,100.0,1.74,RU,1599930400.0
277,Pimentel,-8.98257484781377,-84.24804460909135,69.8,60.0,44.0,11.41,PE,1599930400.0
278,Junin,-34.70992485989042,-60.79901226476371,64.99,34.0,0.0,8.99,AR,1599930400.0
279,Ares,-6.208796489256762,-35.15064463871381,86.0,51.0,20.0,23.04,BR,1599930400.0
280,Vostok,53.9360816792799,148.82574481103262,45.63,74.0,100.0,3.18,RU,1599930095.0
281,North Bend,41.868962302633506,-134.6077504697286,51.8,100.0,90.0,2.08,US,1599930217.0
282,Nouadhibou,23.79352923596377,-19.08383697344215,89.6,59.0,0.0,8.05,MR,1599930167.0
283,Coahuayana,12.589449286985875,-106.94852089079028,78.8,78.0,40.0,1.32,MX,1599930095.0
284,Iranshahr,26.824397951124173,60.14156301217543,95.0,10.0,0.0,13.87,IR,1599930401.0
285,Eldikan,61.16324455908827,136.2830670187477,,,,,RU,
286,Vila Velha,-27.895065082929058,-24.207268611052314,82.4,58.0,55.0,17.22,BR,1599929918.0
287,Lolua,-4.116177638752914,175.63084159502097,,,,,TV,
288,Eskasem,37.75464846697616,72.35980116168687,,,,,AF,
289,Tunxi,29.894195216510234,118.33663878172943,,,,,CN,
290,Valparaiso,-31.79695956662148,-78.11241120266102,62.6,48.0,0.0,13.87,CL,1599930127.0
291,Laurel,31.987143077280244,-89.54163590957076,73.0,73.0,90.0,10.29,US,1599930402.0
292,Bolong,7.125505230237281,122.486870753985,80.01,78.0,97.0,4.18,PH,1599930402.0
293,Mardan,34.32406843716002,72.09690770699513,86.0,40.0,40.0,11.41,PK,1599930402.0
294,Skibbereen,48.66643098463626,-9.25457798170511,59.0,87.0,75.0,17.22,IE,1599930402.0
295,Jensen Beach,27.89376183346722,-79.14140970755926,84.99,70.0,75.0,21.92,US,1599930403.0
296,Hami,39.39965543356463,90.33606143632771,61.27,25.0,0.0,9.37,CN,1599930403.0
297,Artyom,41.10464917393898,51.13613809561256,77.0,61.0,0.0,2.24,AZ,1599930403.0
298,Chicama,-11.199276103396492,-83.7266548165266,72.3,54.0,62.0,9.69,PE,1599930077.0
299,Manyana,-23.604256958640043,21.9013237992323,68.29,23.0,0.0,7.9,BW,1599930403.0
300,Bondowoso,-7.975239920889074,113.77321166479497,72.39,73.0,42.0,4.18,ID,1599930404.0
301,Honiara,-11.393459943994278,159.89955426779676,75.2,100.0,20.0,3.36,SB,1599930024.0
302,Yukamenskoye,57.622072566807745,52.21858828485136,47.46,92.0,2.0,6.11,RU,1599930404.0
303,Waingapu,-10.933321318433112,120.65534108149897,74.16,84.0,2.0,8.14,ID,1599929968.0
304,Sao Filipe,13.009948698642187,-33.438436071177385,79.39,83.0,87.0,2.57,CV,1599930142.0
305,Port Blair,14.668017338126644,90.25126136212683,82.22,79.0,100.0,12.41,IN,1599929954.0
306,Burica,7.741810233924316,-83.5006100830687,,,,,PA,
307,Dunedin,-54.93352361770393,178.98232708737285,53.01,50.0,100.0,4.27,NZ,1599930009.0
308,Yuryevets,57.45985916012873,43.08204637713132,53.87,75.0,91.0,9.98,RU,1599930405.0
309,Nara,17.919866877411028,-7.848931439119289,82.99,52.0,29.0,1.25,ML,1599930405.0
310,Omutinskoye,56.401139205213305,67.35514002399485,,,,,RU,
311,Port-Gentil,-0.45460084344103757,8.008637927189458,80.6,78.0,40.0,16.22,GA,1599929979.0
312,Souillac,-27.545946543391985,60.06406068822767,71.6,88.0,40.0,6.93,MU,1599930405.0
313,Touros,4.647582625555539,-31.362980600846548,84.2,58.0,40.0,14.99,BR,1599930153.0
314,Illela,14.040088226688498,5.02679433259855,95.99,37.0,0.0,5.26,NE,1599930406.0
315,Tiarei,-12.769952374896246,-146.72072052076857,75.2,73.0,75.0,2.24,PF,1599930072.0
316,Northam,-29.82897415064126,116.27186882463403,64.99,81.0,97.0,10.0,AU,1599930169.0
317,Coihueco,-37.16580547388441,-69.98658276990018,57.2,58.0,20.0,12.75,CL,1599930406.0
318,Gaurnadi,22.908409232036473,90.26318628718951,81.82,85.0,100.0,5.66,BD,1599930406.0
319,Bajo Baudo,4.676817988849253,-77.86024084874732,,,,,CO,
320,Tabou,-1.7563301662721553,-4.979090010425478,77.74,86.0,78.0,10.33,CI,1599930102.0
321,Nome,66.33851513382697,-166.22209986219914,42.8,87.0,75.0,4.72,US,1599929966.0
322,Sangar,65.10457740586729,126.6256848424551,48.92,78.0,100.0,1.81,RU,1599930407.0
323,Fatehabad,29.469433148985672,75.31179724996554,86.67,40.0,0.0,5.37,IN,1599930171.0
324,Moindou,-24.773590437186627,163.83549269746848,62.6,77.0,90.0,5.82,NC,1599930407.0
325,Guymon,36.23405460663844,-101.29369620299653,73.4,46.0,1.0,9.17,US,1599930408.0
326,Takoradi,-4.805421127688105,-0.9892482148817128,79.02,79.0,20.0,12.88,GH,1599930019.0
327,Albanel,51.559297787124635,-72.44709889513452,59.0,72.0,20.0,6.93,CA,1599930408.0
328,Boa Esperanca,-18.476079942107692,-40.38675519641607,90.73,20.0,14.0,7.38,BR,1599930408.0
329,Glubokoe,49.68213388666938,81.84921518893799,,,,,KZ,
330,Bambous Virieux,-27.56153268575475,72.5131051473521,71.6,88.0,40.0,6.93,MU,1599929705.0
331,Marzuq,25.370704159566213,13.294485044119051,84.02,43.0,34.0,7.61,LY,1599930409.0
332,Cedar City,37.87755884745639,-112.18685552323849,62.6,20.0,1.0,3.49,US,1599930409.0
333,Yumen,40.312484529375396,95.90422939120734,52.34,37.0,0.0,9.4,CN,1599930174.0
334,Mys Shmidta,83.97663626754692,-173.1468494284964,,,,,RU,
335,Elat,29.785295341179516,35.27209351361459,104.0,33.0,0.0,11.41,IL,1599930409.0
336,San Salvo,42.112048499609735,14.791748367474906,73.0,79.0,0.0,5.55,IT,1599930409.0
337,Verkhnevilyuysk,60.394130430769025,121.67114427241732,47.41,84.0,100.0,2.68,RU,1599930410.0
338,Mackay,-20.648771225883863,149.82738043184375,64.4,88.0,75.0,8.05,AU,1599930410.0
339,Mount Gambier,-39.460380614939815,137.96172286456002,44.6,100.0,40.0,5.82,AU,1599930015.0
340,Kavaratti,12.822027756652863,69.65783652887644,81.72,80.0,100.0,16.28,IN,1599930146.0
341,Mecca,22.034158359402067,42.168741730118796,91.42,42.0,46.0,9.33,SA,1599930250.0
342,Le Port,-17.716054903092846,53.85149778604939,71.6,68.0,75.0,8.05,RE,1599930410.0
343,Evensk,64.3253536935545,159.9302187055463,43.99,74.0,44.0,17.49,RU,1599930118.0
344,Concepcion Del Uruguay,-32.30356311017494,-58.543104232882555,68.0,64.0,43.0,4.0,AR,1599930411.0
345,Tongren,27.656575743268835,109.34275178480623,67.06,90.0,100.0,3.36,CN,1599930404.0
346,Sayaxche,16.224208753493954,-89.87196572834189,88.83,57.0,43.0,3.13,GT,1599930411.0
347,Leh,34.779847680870624,80.0079232584946,57.24,30.0,0.0,3.42,IN,1599930216.0
348,Juneau,58.27018360263325,-134.08620077807282,48.99,93.0,20.0,6.46,US,1599930243.0
349,Coihaique,-49.66677876670614,-73.94573070512594,42.8,74.0,40.0,6.93,CL,1599930069.0
350,Saint-Joseph,-26.380140415491482,55.402453329856314,71.6,78.0,38.0,11.41,RE,1599929978.0
351,Zhezkazgan,48.7289464019405,68.00247250859182,65.19,28.0,4.0,6.73,KZ,1599930412.0
352,Sadon,42.576981875520524,43.911288583952114,68.0,72.0,35.0,6.71,RU,1599930412.0
353,Giyani,-22.540473420824586,31.95454698704916,72.14,46.0,0.0,7.49,ZA,1599930412.0
354,Lorengau,0.16943263758649407,148.7938173931946,82.4,77.0,7.0,10.56,PG,1599930117.0
355,Shenjiamen,28.89993610202635,124.74669616647998,73.83,80.0,7.0,4.7,CN,1599930412.0
356,Toul,48.68451023790318,6.014855062998716,84.2,38.0,0.0,10.29,FR,1599930413.0
357,Noumea,-27.01439674143635,162.83091539766554,62.6,77.0,90.0,5.82,NC,1599930413.0
358,Uwayl,8.950087502848458,27.36976859842471,,,,,SD,
359,Namibe,-12.181098452443612,8.50889350231304,69.8,83.0,40.0,13.87,AO,1599930075.0
360,Port Shepstone,-37.071872660849024,39.85766475982956,68.34,81.0,37.0,26.04,ZA,1599930413.0
361,Flinders,-32.28351555597755,134.73560711633286,53.01,85.0,52.0,1.01,AU,1599929991.0
362,Gamba,-7.1656064953518674,3.5999272250290937,75.97,79.0,82.0,10.25,GA,1599930172.0
363,Tarrafal,15.41526998636654,-23.63517543027403,80.94,81.0,100.0,7.0,CV,1599930414.0
364,Adrar,25.793368636887834,3.0107215489455874,104.79,11.0,51.0,7.65,DZ,1599930131.0
365,Umm Lajj,24.896990378325388,40.677737786778245,87.42,65.0,32.0,4.16,SA,1599930106.0
366,Yaan,30.563566358777003,100.8743930882572,76.15,91.0,72.0,12.75,CN,1599930153.0
367,Kaihua,23.804333504663806,105.08197474698713,66.34,95.0,99.0,4.12,CN,1599930414.0
368,Quelimane,-18.51494206243219,37.48684375205762,72.52,83.0,24.0,6.17,MZ,1599930415.0
369,La Orilla,18.106241912987112,-102.5344444517637,86.95,66.0,21.0,1.63,MX,1599930415.0
370,Aketi,2.3597870827799583,23.29953777063798,74.17,92.0,41.0,0.98,CD,1599930415.0
371,Zarinsk,53.79394596533526,85.19900484979982,45.0,78.0,0.0,5.82,RU,1599930415.0
372,Vila,-16.874401709841205,169.25128426298,89.01,24.0,14.0,1.01,VU,1599930415.0
373,Casablanca,34.94298958877785,-8.263738618025798,80.6,73.0,75.0,9.17,MA,1599930268.0
374,Sibolga,0.9865951421557217,95.71923936256138,77.61,80.0,97.0,3.58,ID,1599930154.0
375,Pisco,-27.605021262334862,-97.75163690247135,63.0,82.0,75.0,9.17,PE,1599930052.0
376,Zhigansk,70.47403882127482,120.97764732107261,43.83,94.0,93.0,1.34,RU,1599930052.0
377,Jumla,34.96702463053369,83.4577879937298,59.11,68.0,87.0,2.55,NP,1599930184.0
378,Salalah,13.570451651222113,63.05789798736504,80.6,83.0,28.0,5.82,OM,1599930092.0
379,Morant Bay,15.395021686667418,-75.3942298880257,89.6,62.0,20.0,8.05,JM,1599930130.0
380,Ulladulla,-40.930717330696424,157.20944993922998,51.8,87.0,78.0,8.05,AU,1599930416.0
381,Dhidhdhoo,8.059143670849016,68.96707111517924,82.31,79.0,99.0,12.73,MV,1599930417.0
382,Tak,16.857156790260486,98.85814681279106,67.87,100.0,100.0,1.19,TH,1599930417.0
383,Krutikha,54.4406300919285,81.06904832508742,48.92,79.0,47.0,4.18,RU,1599930114.0
384,Klaksvik,80.22397376580477,-5.188117660011528,48.2,81.0,81.0,9.17,FO,1599930081.0
385,Tahoua,15.479354709996302,4.477956236775455,93.2,46.0,12.0,4.7,NE,1599930417.0
386,Bandar-E Anzali,38.24830087500456,50.00912671757763,77.0,83.0,75.0,3.47,IR,1599930418.0
387,Ambanja,-12.680338926400031,47.47003352948906,75.88,83.0,73.0,1.9,MG,1599930418.0
388,Stonewall,50.494995426703355,-97.6948905006134,66.99,72.0,20.0,4.7,CA,1599930418.0
389,Moose Factory,54.616526398092404,-78.35281297617757,66.2,59.0,1.0,14.99,CA,1599930418.0
390,Myitkyina,25.756821594035333,97.73968649312762,75.36,97.0,100.0,1.41,MM,1599930305.0
391,Cockburn Town,29.2864634760373,-71.80443248635572,86.0,66.0,40.0,8.05,BS,1599929970.0
392,Grand River South East,-22.668218467273693,69.10089941660928,,,,,MU,
393,Kapoeta,6.147306582552957,33.50312551229088,84.78,39.0,17.0,6.51,SD,1599930419.0
394,Boissevain,49.313118352362366,-100.19949463508944,64.0,55.0,1.0,13.87,CA,1599930419.0
395,Tlahualilo,26.483021192433323,-103.37067837970206,,,,,MX,
396,Gizo,-8.290689220376594,156.49337017718761,81.75,76.0,13.0,6.06,SB,1599930070.0
397,Gat,23.533327586602226,12.096509389745671,87.01,32.0,0.0,8.93,LY,1599929821.0
398,Manokwari,2.3736921478879927,133.79283541943565,79.74,78.0,99.0,3.96,ID,1599930419.0
399,Port Lincoln,-49.31404440009743,128.9167573497587,50.22,81.0,29.0,9.89,AU,1599930152.0
400,Falavarjan,32.30891244405795,51.490112270457885,77.0,20.0,28.0,9.17,IR,1599930420.0
401,Burgeo,47.26901540879286,-57.74892226471544,58.03,69.0,14.0,17.45,CA,1599930420.0
402,Cubara,6.865499885773975,-72.34723952312365,82.98,72.0,32.0,2.01,CO,1599930420.0
403,Partizanskoye,55.57746854360621,94.62722877232451,43.0,87.0,100.0,3.13,RU,1599930420.0
404,Puerto El Triunfo,11.28414509372256,-89.32414408118467,87.8,100.0,20.0,2.24,SV,1599930200.0
405,Tomatlan,19.95309285231383,-105.67972628949589,91.96,52.0,39.0,3.09,MX,1599930421.0
406,Keti Bandar,24.42562005973288,67.27055174880591,83.75,73.0,69.0,9.71,PK,1599930421.0
407,Icatu,-2.6773384375591194,-44.10523172622836,89.6,62.0,75.0,6.93,BR,1599930421.0
408,Galveston,28.099191621740566,-94.17154680191331,89.01,66.0,1.0,13.87,US,1599930422.0
409,Turukhansk,64.22615443317056,89.57637208953538,54.72,85.0,75.0,11.1,RU,1599930422.0
410,Vestmannaeyjar,60.41784964125188,-17.261236283348797,50.0,76.0,75.0,17.22,IS,1599930076.0
411,Bocaiuva,-17.322106214439295,-44.140103399374404,86.0,25.0,0.0,12.75,BR,1599930423.0
412,Bandarbeyla,8.032778275657401,51.58320478650731,85.42,54.0,49.0,22.17,SO,1599930423.0
413,Guerrero,26.582440804674075,-99.53785891293157,80.11,55.0,44.0,3.4,MX,1599930423.0
414,Xuddur,5.3882808697568985,42.95804341886534,83.25,47.0,26.0,17.78,SO,1599930424.0
415,Kalmunai,7.250981508973311,87.11331528699394,83.5,72.0,100.0,3.78,LK,1599930424.0
416,Rio Gallegos,-49.29000846517225,-69.00453830292432,46.4,28.0,75.0,12.75,AR,1599929744.0
417,Santa Lucia,27.504764963846075,-15.528621717223652,78.8,65.0,20.0,13.87,ES,1599930424.0
418,Penzance,48.28113349420603,-8.181518094103136,64.99,82.0,20.0,10.29,GB,1599930030.0
419,Donskoye,56.20984890615936,19.473355650196666,75.2,29.0,0.0,13.42,RU,1599930425.0
420,Pedasi,7.258582456603295,-79.18889810938141,82.92,74.0,98.0,5.35,PA,1599930425.0
421,Maarianhamina,59.9529556868254,19.62680079554891,55.4,100.0,40.0,13.87,FI,1599930425.0
422,Viransehir,35.96047375294032,39.67182360423849,87.93,15.0,58.0,8.03,TR,1599930425.0
423,Tingi,-11.65737721166866,35.97467523256302,62.02,81.0,62.0,1.25,TZ,1599930425.0
424,Tambura,5.568633787382762,28.341355209594553,71.62,94.0,94.0,2.91,SD,1599930426.0
425,Malm,63.96854695188665,10.898188537978761,53.6,81.0,75.0,3.36,NO,1599930426.0
426,Mankono,8.748003031829453,-6.5008692023262515,79.32,80.0,66.0,4.68,CI,1599930426.0
427,Chapais,52.12171713883106,-73.10456368063004,62.6,59.0,1.0,12.75,CA,1599930426.0
428,Calvinia,-29.98888443876464,20.39975141155784,67.15,43.0,2.0,8.7,ZA,1599930426.0
429,Mandan,45.767570340815325,-101.08439657897236,64.99,68.0,1.0,8.05,US,1599929986.0
430,Labytnangi,66.65278200833939,66.42471706202733,51.48,89.0,100.0,1.05,RU,1599930427.0
431,Charagua,-19.829303086640184,-62.886544651063176,87.13,33.0,22.0,8.39,BO,1599930427.0
432,Half Moon Bay,36.10762184453735,-124.48666802569502,63.0,100.0,90.0,4.5,US,1599929857.0
433,Nanortalik,50.46754069012141,-43.281522703434426,40.42,64.0,0.0,3.94,GL,1599930117.0
434,San Patricio,7.365782312299089,-114.31910339579338,87.8,66.0,20.0,9.17,MX,1599930040.0
435,Ngukurr,-17.226907327375574,135.01746781782788,,,,,AU,
436,Zhanaozen,43.315124445462956,53.18340617125852,71.71,26.0,41.0,3.2,KZ,1599930428.0
437,Kavieng,-1.2868157155333415,151.76460653803707,82.58,80.0,38.0,14.58,PG,1599930046.0
438,Pecos,30.420909305425212,-103.54871930450255,69.8,68.0,1.0,3.36,US,1599930170.0
439,Khuzhir,53.18626381889846,106.71217731369558,50.63,91.0,100.0,7.11,RU,1599930428.0
440,Meyungs,9.080839818094589,132.0935517376863,,,,,PW,
441,Lobva,59.07767133994369,60.17005512109231,47.73,92.0,60.0,5.5,RU,1599930429.0
442,Nurobod,39.44094286169161,65.88439761589925,71.6,24.0,0.0,9.17,UZ,1599930429.0
443,Grants Pass,42.260716276817476,-124.26048402842349,64.4,76.0,90.0,0.18,US,1599930407.0
444,Plettenberg Bay,-40.58856814543749,23.575138144939757,68.18,51.0,71.0,8.37,ZA,1599930295.0
445,Takanabe,32.130180424870375,131.5998373659969,75.58,85.0,31.0,2.8,JP,1599930152.0
446,Nizhneshilovka,43.80281094400904,40.36872555037553,,,,,RU,
447,Hassleholm,56.00949648165352,13.80020888479526,60.01,93.0,97.0,11.41,SE,1599930429.0
448,Melekhovskaya,47.19663645819182,40.5721209677342,,,,,RU,
449,Levokumskoye,45.09657062775884,44.64699669561762,73.06,51.0,0.0,6.4,RU,1599930430.0
450,Manono,-7.1419760813296715,27.252237953044983,83.62,28.0,1.0,3.65,CD,1599930430.0
451,Willmar,45.06507448015101,-95.45483998329308,60.8,82.0,40.0,6.93,US,1599930430.0
452,Ciudad Bolivar,8.86749744237156,-63.30966027140387,91.2,52.0,42.0,4.21,VE,1599930430.0
453,Lompoc,27.42853788756629,-123.35600311383574,53.6,100.0,90.0,6.38,US,1599929962.0
454,Pinotepa Nacional,15.773051616354365,-98.37660486991493,87.87,61.0,23.0,5.1,MX,1599930431.0
455,Bagdarin,54.18120301542256,113.37933322066819,52.77,88.0,98.0,3.0,RU,1599930431.0
456,Hirapur,21.49116300568986,79.73504473607547,78.8,86.0,67.0,0.69,IN,1599930424.0
457,Porto Novo,14.8895740989968,-35.829650013202254,82.4,78.0,20.0,16.11,CV,1599930159.0
458,Chumikan,56.11183906738298,133.26974258107327,52.65,84.0,11.0,1.12,RU,1599930431.0
459,Zhoucheng,24.54257487103753,102.08974003073857,65.91,86.0,9.0,3.96,CN,1599930432.0
460,Viedma,-44.55941412930052,-59.33266633180919,65.3,28.0,12.0,24.9,AR,1599930432.0
461,Scottsburgh,-32.89722640937056,34.27427834556699,,,,,ZA,
462,Tuatapere,-56.40986127238917,160.2378970305935,46.99,93.0,100.0,3.0,NZ,1599929976.0
463,Lasa,32.19840277399364,93.35894285101033,68.0,64.0,40.0,2.21,CN,1599930098.0
464,Isetskoye,56.228871849129334,64.97752837147695,51.19,85.0,44.0,5.28,RU,1599930432.0
465,Interlaken,46.533494094436044,7.874518525552641,69.01,100.0,90.0,2.68,CH,1599930433.0
466,Lumeje,-12.728828482669629,21.02844503339177,79.47,17.0,43.0,3.91,AO,1599930428.0
467,Formoso Do Araguaia,-10.501526400547611,-49.70331249728282,,,,,BR,
468,Abashiri,45.22472392840465,144.28601700758765,54.0,69.0,100.0,5.01,JP,1599929980.0
469,Wanlaweyn,2.9863347028884526,44.89525495731875,79.21,70.0,50.0,22.68,SO,1599930433.0
470,San Cristobal,-1.9028344914022999,-88.9043207046248,80.6,83.0,40.0,4.7,EC,1599930433.0
471,Tieli,47.25472310268322,128.07773302935757,50.99,90.0,100.0,4.9,CN,1599930434.0
472,Benito Soliven,16.918609685404984,121.95704550779205,73.89,88.0,98.0,2.91,PH,1599930434.0
473,Magistralnyy,55.52033008418655,107.28840494967994,48.51,94.0,100.0,4.56,RU,1599930434.0
474,Bagua Grande,-6.028528446730647,-78.41505602925734,89.24,40.0,5.0,4.83,PE,1599930434.0
475,Vanimo,-3.6098104085250493,141.36633723330007,79.56,86.0,60.0,7.72,PG,1599930131.0
476,Nishihara,21.66044526450317,132.59995341839397,82.4,88.0,75.0,6.93,JP,1599930148.0
477,Wajid,5.581778515943703,42.72205837288419,84.63,46.0,12.0,20.07,SO,1599930435.0
478,Saint-Paul,-20.980917761679798,54.29016475451652,71.6,68.0,75.0,8.05,RE,1599930275.0
479,Santa Rosa De Osos,6.8024000879249265,-75.51473447734932,75.2,60.0,40.0,11.41,CO,1599930435.0
480,Eureka,41.2060851193161,-125.6367356905326,55.99,100.0,90.0,6.33,US,1599930156.0
481,Clyde River,69.4362858072073,-72.6531440237426,42.8,56.0,75.0,3.36,CA,1599930054.0
482,Ombessa,4.564328281917394,10.984012658662394,69.49,98.0,100.0,4.32,CM,1599930436.0
483,Bay Roberts,45.54365996827633,-53.70060677223672,61.0,51.0,0.0,3.94,CA,1599930436.0
484,Bad Freienwalde,52.898208647133906,14.086586176733027,80.01,56.0,11.0,9.62,DE,1599930436.0
485,Coolum Beach,-25.378250332269403,156.29073496475212,60.01,95.0,3.0,1.99,AU,1599930436.0
486,Ust-Omchug,61.2022109838159,150.54773670198708,34.52,86.0,6.0,4.63,RU,1599930436.0
487,Guaruja,-25.427946769280545,-45.721057922224226,82.4,74.0,33.0,8.05,BR,1599930273.0
488,Methoni,35.22520226883339,20.794648274826315,81.0,65.0,75.0,10.29,GR,1599930437.0
489,Llanes,44.4506354963408,-4.723792545286864,77.0,80.0,0.0,11.77,ES,1599930437.0
490,Kailua,23.61983219294671,-156.6334377883518,78.8,69.0,40.0,6.93,US,1599930437.0
491,Ksenyevka,53.95028941602032,118.39498593708238,,,,,RU,
492,Ondangwa,-18.473915801353627,15.921129548063043,75.42,17.0,0.0,6.22,NA,1599930438.0
493,Mujiayingzi,44.16539047444791,117.03411203022479,54.82,89.0,88.0,1.45,CN,1599930310.0
494,Benghazi,32.695157048528266,19.94238578140203,80.08,66.0,0.0,13.98,LY,1599930438.0
495,Richards Bay,-29.211896801844556,32.397997901480636,68.47,75.0,0.0,14.32,ZA,1599930438.0
496,Saravan,15.11029291191732,106.86668539586458,82.4,28.0,26.0,9.17,LA,1599930438.0
497,Wonthaggi,-39.2166166236131,145.47852741702062,55.0,96.0,100.0,11.52,AU,1599930178.0
498,Iquitos,-2.370927011585653,-73.2085148431622,87.8,66.0,40.0,4.7,PE,1599929798.0
499,Bozeman,45.532652132405396,-111.00858472844128,69.01,37.0,0.0,1.01,US,1599930439.0
500,Mount Pleasant,30.490806473991395,-77.14046205833334,88.0,74.0,1.0,11.41,US,1599930365.0
501,Oranjemund,-34.01849078807923,7.149564112831119,60.6,84.0,3.0,11.92,NA,1599929977.0
502,Ust-Kamchatsk,57.061354893972116,162.14633949333708,,,,,RU,
503,Yuli,23.71232990208116,122.13909767980323,78.51,87.0,82.0,2.42,TW,1599930439.0
504,Erzin,48.21180858140711,96.08139099263721,84.0,76.0,0.0,3.74,RU,1599930440.0
505,Polson,47.3938761414718,-115.06555454684688,72.0,61.0,0.0,2.17,US,1599930440.0
506,Stephenville,49.7597841433117,-60.2583870950122,81.0,65.0,1.0,5.28,CA,1599930440.0
507,Portland,-42.2436090263079,139.06679735525685,53.6,93.0,90.0,0.78,AU,1599929710.0
508,Umm Kaddadah,16.411427772521574,27.912304607937436,91.94,37.0,63.0,7.87,SD,1599930440.0
509,Ghanzi,-21.638269026359097,20.565030846485218,70.16,22.0,0.0,8.59,BW,1599930440.0
510,Esfahan,32.5273226464979,51.982856066128704,77.0,20.0,17.0,9.17,IR,1599930441.0
511,Luganville,-15.273582787579151,164.36836896872308,76.5,84.0,84.0,12.88,VU,1599930441.0
512,Batemans Bay,-39.98936066028992,152.63613934685108,51.01,83.0,63.0,5.01,AU,1599930122.0
513,Sao Miguel Do Tapuio,-5.264945546855716,-41.07326332456882,99.88,20.0,85.0,6.67,BR,1599930441.0
514,Octeville,49.634142907698894,-2.5568485249205053,64.99,77.0,75.0,11.41,FR,1599930441.0
515,Ilebo,-5.028199905504076,20.62357300181763,83.95,48.0,73.0,1.19,CD,1599930442.0
516,Broome,-14.73972224420221,117.60804803949974,69.01,68.0,75.0,10.29,AU,1599929981.0
517,Baglan,36.10909390539063,68.57380156649272,63.7,29.0,0.0,1.48,AF,1599930442.0
518,Alofi,-26.501860061903617,-169.62521480082768,73.4,88.0,95.0,8.05,NU,1599930000.0
519,Qalyub,30.273230147028478,31.23465415728868,93.2,38.0,0.0,10.29,EG,1599930442.0
520,Ancud,-40.271305211950974,-75.53563274618043,48.99,83.0,25.0,5.01,CL,1599929959.0
521,Ayan,56.08341484217935,139.32046112873377,55.62,66.0,34.0,3.62,RU,1599930166.0
522,Cabrero,-37.14083585338305,-72.30444915102295,57.2,76.0,75.0,2.24,CL,1599930443.0
523,Saint-Pacome,46.998495987793945,-69.73698596559977,,,,,CA,
524,Fort Smith,35.366263635359815,-94.70312719068951,81.0,78.0,90.0,4.7,US,1599930374.0
525,Saldanha,-35.53297817433988,6.550296705001912,66.2,63.0,0.0,6.93,ZA,1599930013.0
526,Makinsk,52.863767972229404,70.21572491282424,55.72,48.0,21.0,6.4,KZ,1599930443.0
527,Emerald,-23.79577498055213,146.30710063464144,60.8,77.0,8.0,5.82,AU,1599930161.0
528,Warah,27.407299563093314,67.24670739850355,91.2,41.0,63.0,2.62,PK,1599930444.0
529,Ostersund,62.572297614626834,13.384141536745336,53.6,66.0,100.0,8.05,SE,1599930444.0
530,Solnechnyy,58.3597534560868,136.32520673105236,51.94,81.0,0.0,1.34,RU,1599930158.0
531,Doha,29.06226088436975,46.204233461717514,95.0,63.0,89.0,6.93,KW,1599930444.0
532,Buraydah,26.650689591182587,45.58543664079378,98.6,13.0,0.0,5.82,SA,1599930093.0
533,Pandan,16.47777575552361,126.13195285978165,80.19,80.0,100.0,1.01,PH,1599930445.0
534,Mtwango,-9.166649310975783,35.03414952929277,59.5,71.0,13.0,11.32,TZ,1599930445.0
535,Bichena,10.799879844992876,38.287424508212325,55.24,84.0,0.0,4.12,ET,1599930445.0
536,Torit,4.70052418277637,32.97556358746591,75.47,77.0,15.0,3.02,SD,1599930445.0
537,Pontian Kecil,0.3082241253911655,102.9606069336311,77.0,100.0,20.0,1.12,MY,1599930445.0
538,Aden,12.691354037090003,44.917688610957654,91.54,62.0,4.0,12.46,YE,1599929680.0
539,Seoul,37.87960776124809,127.70324773171224,68.0,68.0,90.0,4.7,KR,1599930135.0
540,Meulaboh,-1.7770272983980528,92.7321869360437,77.47,76.0,100.0,2.44,ID,1599930131.0
541,Ternate,2.745284941685374,128.40651371617383,81.0,77.0,100.0,3.94,ID,1599930446.0
542,Bunia,2.2236618864547095,30.24094047622031,65.37,87.0,24.0,2.39,CD,1599930273.0
543,Monrovia,34.15838520212599,-117.99578954695139,79.66,82.0,89.0,12.12,US,1599930446.0
544,Talcahuano,-35.952315964483745,-74.71145295366883,55.4,71.0,75.0,9.17,CL,1599930018.0
545,Gambo,48.43045261852103,-54.15181568312532,71.78,92.0,99.0,2.01,CA,1599930447.0
546,Boulder City,36.2182408511837,-114.41511804852512,82.99,11.0,1.0,3.36,US,1599930434.0
547,Mbaiki,3.450346836620304,17.953725865514063,72.84,95.0,99.0,1.1,CF,1599930447.0
548,Samarai,-14.352142466002423,149.28877690141562,74.98,74.0,2.0,9.86,PG,1599930088.0
549,Hailun,47.09631395765343,126.89991287050583,51.3,71.0,100.0,6.08,CN,1599930447.0
550,Venado Tuerto,-34.19774914532471,-62.18635341317976,69.01,23.0,0.0,10.0,AR,1599930169.0
551,Qasigiannguit,68.42676627361747,-50.30520604005674,33.8,74.0,75.0,4.7,GL,1599930448.0
552,Acari,-20.991993409716503,-76.771361179609,75.51,39.0,41.0,10.47,PE,1599930173.0
553,Kurinjippadi,11.616321551330772,79.5873494150009,78.49,89.0,100.0,11.79,IN,1599930448.0
554,Pokrovsk,61.27154318121422,129.26014084633744,62.8,30.0,0.0,9.01,RU,1599930448.0
555,Yei,4.952576179746102,30.463668657316603,70.18,92.0,78.0,1.66,SD,1599930448.0
556,Iwanai,43.72346630662172,138.44979468379887,61.57,91.0,100.0,4.09,JP,1599930028.0
557,Zlobin,52.77502375202421,30.097000386777758,84.2,39.0,0.0,10.29,BY,1599930449.0
558,Sept-Iles,55.590950910389225,-67.57377623638479,60.8,41.0,20.0,12.75,CA,1599930449.0
559,Harper,2.2645801967702517,-8.924921425230504,77.59,86.0,64.0,10.0,LR,1599930449.0
560,Superior,45.97687588639376,-91.48029538254465,55.99,100.0,90.0,3.36,US,1599930449.0
561,Mogadishu,0.5782423146343274,45.47000205170427,78.3,83.0,58.0,22.37,SO,1599930113.0
562,Muncar,-12.171619850072359,113.59210972689499,73.8,88.0,35.0,1.83,ID,1599930450.0
563,Hofn,63.62601718429371,-12.648175893080186,48.92,66.0,10.0,12.12,IS,1599930000.0
564,Mayo,62.58619714444414,-136.26815657928307,73.99,78.0,90.0,8.05,CA,1599930450.0
565,Kawana Waters,-26.192155461089836,155.63336341674906,,,,,AU,
566,Samalaeulu,0.5762903058223878,-164.69562698685607,,,,,WS,
567,Amderma,82.15784821782391,68.35125895861943,,,,,RU,
568,Chernyshevskiy,62.94573706093897,110.59945229621768,40.59,89.0,37.0,1.16,RU,1599930451.0
569,Hibbing,47.50808861692276,-92.96217095039073,55.4,87.0,90.0,1.92,US,1599930451.0
570,Zeya,55.41159006597601,128.9910467011944,55.0,88.0,0.0,2.35,RU,1599930439.0
571,Santiago Del Estero,-28.52609320901979,-63.90647143365187,65.07,47.0,96.0,3.65,AR,1599930097.0
572,Pacifica,35.645811240429396,-128.12697947358126,64.99,87.0,90.0,4.27,US,1599930392.0
573,San Matias,-15.642546699728214,-58.61325237775007,108.66,11.0,8.0,9.17,BO,1599930452.0
574,Bintulu,3.561471783777862,112.96434912891753,77.0,100.0,40.0,3.36,MY,1599930452.0
575,West Wendover,41.31401007889679,-113.94137552105536,62.6,21.0,1.0,5.82,US,1599930302.0
576,Kulhudhuffushi,6.61999938592821,73.51035740457782,82.2,80.0,100.0,12.55,MV,1599930109.0
577,Bilibino,68.66878586893465,165.08925747895248,43.68,64.0,100.0,1.07,RU,1599930452.0
578,Fortuna,40.150827093053024,-140.79339978616972,55.99,100.0,40.0,5.28,US,1599929758.0
579,Gornopravdinsk,62.185771344389984,70.16006171241663,48.31,93.0,35.0,5.5,RU,1599930453.0
580,Dinghai,30.68255258516325,122.06018253783387,80.6,83.0,20.0,6.71,CN,1599930453.0
581,Redlands,39.26382483363697,-109.30950500161006,81.0,15.0,0.0,2.37,US,1599930393.0
582,Calama,-23.87228120933745,-68.99479928329302,69.8,9.0,0.0,14.99,CL,1599930453.0
583,Belo Horizonte,-19.972355452052668,-43.98990063814088,87.8,25.0,20.0,8.05,BR,1599930375.0
584,Linxia,34.183953433067565,103.32895821405974,58.69,60.0,60.0,2.71,CN,1599930133.0
585,Ximei,25.16967679602848,117.94433966715135,78.8,94.0,90.0,4.47,CN,1599930454.0
586,Na Wa,17.48036845762288,104.10018299410649,79.81,79.0,88.0,1.88,TH,1599930454.0
587,Along,32.652140645387355,94.86281370114165,73.81,88.0,99.0,1.16,IN,1599930454.0
588,Fairbanks,71.01268256861056,-144.2807324775917,39.99,86.0,75.0,1.88,US,1599929961.0
589,Filingue,14.734117994107148,3.6828220132354406,99.93,28.0,41.0,4.47,NE,1599930454.0
590,Los Llanos De Aridane,30.554195007474732,-22.535028107519622,77.0,69.0,40.0,2.24,ES,1599930454.0
591,Parana,-32.010283802576055,-60.56887691258719,70.0,42.0,16.0,5.99,AR,1599930455.0
592,Praia,12.330636223053391,-22.403300693396886,81.14,79.0,100.0,12.39,CV,1599929975.0
593,Abu Samrah,24.695236930422453,50.36603416885737,83.19,38.0,0.0,7.87,QA,1599930064.0
594,Whitianga,-35.47159225687311,176.32739933892015,48.99,82.0,11.0,4.0,NZ,1599930455.0
595,Missoula,47.07900883184212,-113.43710411901375,64.99,58.0,1.0,3.83,US,1599930455.0
596,Lashio,22.446994250611276,97.3979137631833,69.57,99.0,100.0,1.52,MM,1599930456.0
597,Mullaitivu,11.090755197773317,82.09822466547678,,,,,LK,
598,Cocorit,27.913330507920783,-109.93817271553604,86.0,45.0,5.0,4.7,MX,1599930456.0
599,San Jose Del Guaviare,2.626172699479614,-72.53808971416319,93.07,44.0,33.0,4.03,CO,1599930456.0
600,Fallon,39.23467161644774,-118.43884555669418,72.0,14.0,1.0,4.7,US,1599930457.0
601,Xining,33.63459955445271,97.63596883687403,54.86,64.0,34.0,1.52,CN,1599930457.0
602,Atid,46.41738579766956,25.020129861778173,75.2,47.0,4.0,4.7,RO,1599930457.0
603,Aragarcas,-16.435696296973283,-52.91185019588626,101.89,9.0,0.0,6.71,BR,1599930457.0
604,Anloga,1.4743883774008337,1.6617082962129714,84.2,70.0,20.0,14.99,GH,1599930457.0
605,Shimoda,21.551380987789976,142.94851151883938,69.01,96.0,3.0,6.69,JP,1599930047.0
606,Pottstown,40.33592143882989,-75.69633941811877,71.01,64.0,90.0,6.93,US,1599930362.0
607,Kununurra,-16.19971074746385,126.05077890769638,73.4,78.0,50.0,4.88,AU,1599929834.0
608,Kedrovyy,57.63315578445137,79.53409036777201,41.0,93.0,7.0,1.05,RU,1599930458.0
609,Yinchuan,38.180394624120105,107.43139454126752,72.54,44.0,21.0,5.48,CN,1599930458.0
610,Moron De La Frontera,37.034157930429245,-5.366949516437578,96.8,15.0,65.0,14.99,ES,1599930459.0
611,Pryazha,61.85241072371487,33.04139738199358,55.4,82.0,40.0,15.66,RU,1599930459.0
612,Pedernales,17.649198496960494,-71.67107190141608,87.8,66.0,40.0,9.17,DO,1599930451.0
613,Camacupa,-12.206828043354141,18.024681772729586,74.19,20.0,46.0,3.87,AO,1599930459.0
614,Zachagansk,50.30700386659676,51.60497746987242,,,,,KZ,
615,Ust-Kuyga,68.6718454542206,136.438816686045,42.31,72.0,86.0,1.9,RU,1599930459.0
616,Izumo,36.41970779843877,132.42506859428454,73.4,94.0,75.0,10.29,JP,1599930460.0
617,Daru,-11.531901444125968,144.09362255947033,75.02,79.0,42.0,13.49,PG,1599930460.0
618,Krasnoselkup,63.4645929206106,83.44798578351731,52.38,76.0,6.0,12.21,RU,1599930463.0
619,San Quintin,20.702321597780458,-127.38021612872474,78.19,49.0,0.0,6.85,MX,1599930167.0
620,Pionerskiy,60.274949919197915,63.266938558695465,64.4,77.0,0.0,6.71,RU,1599930464.0
621,Minsk,54.28282331237749,28.41044251172997,57.2,76.0,28.0,6.71,BY,1599930442.0
622,Izhmorskiy,55.824879588085935,87.01585866415357,45.72,83.0,29.0,3.78,RU,1599930464.0
623,Koslan,64.26725089017836,49.0003308452322,48.02,91.0,100.0,5.32,RU,1599930464.0
624,Bolshiye Berezniki,54.10310274515924,45.878719198428925,,,,,RU,
625,Tautira,-18.789538339592195,-143.08146645324416,75.2,73.0,75.0,2.24,PF,1599930165.0
626,Jibuti,11.75858980016163,42.57488901654645,93.2,59.0,1.0,3.36,DJ,1599930465.0
627,Kaseda,30.119700715627904,130.1182646861252,71.01,100.0,76.0,3.0,JP,1599930465.0
628,Ust-Tsilma,65.78982159632406,49.86640468406468,46.06,90.0,23.0,5.08,RU,1599930465.0
629,Brae,64.6214159495764,-2.6160876026930313,53.6,76.0,17.0,28.86,GB,1599929993.0
630,Livingston,45.01897768167216,-109.86990307017714,57.2,76.0,75.0,19.46,US,1599930182.0
631,Wajima,38.09334406079454,136.08170823901014,79.32,76.0,38.0,7.67,JP,1599930098.0
632,Yulara,-27.179172143628,133.25685218843577,75.2,38.0,50.0,12.75,AU,1599930161.0
633,Zyryanka,66.1801784011487,151.38414726130011,41.31,75.0,0.0,2.51,RU,1599930466.0
634,Tolaga Bay,-38.942407155002805,179.7775378470823,41.04,74.0,0.0,4.0,NZ,1599930466.0
635,Vokhtoga,58.86083938849084,41.1065033981256,50.0,89.0,100.0,6.85,RU,1599930466.0
636,Bonthe,5.0819734697593955,-14.00191666124023,78.87,85.0,100.0,9.4,SL,1599929955.0
637,Sorland,71.9027292816635,9.898756775919146,52.34,74.0,99.0,24.83,NO,1599930164.0
638,Pleasanton,28.789431799838308,-98.81205045025744,69.01,72.0,90.0,2.62,US,1599930308.0
639,Pucallpa,-8.81410454763342,-74.0901155806767,87.8,62.0,40.0,3.36,PE,1599930467.0
640,Tocopilla,-22.42051601714617,-70.03397953858695,65.8,49.0,14.0,4.74,CL,1599930467.0
641,Kayan,17.089142795513936,96.44451231066688,78.8,94.0,40.0,3.36,MM,1599930467.0
642,Sarangani,3.5527146238384133,126.84294780577467,84.83,73.0,83.0,9.64,PH,1599930467.0
643,Matam,16.205074268135817,-13.023611727357153,93.2,56.0,20.0,2.24,SN,1599930468.0
644,Ostrovnoy,72.38635338747574,41.09889143234112,47.79,69.0,100.0,18.05,RU,1599930057.0
645,Belyy Yar,58.96343021591622,85.91888470432067,39.2,93.0,6.0,4.47,RU,1599930468.0
646,Reconquista,-28.768820059560053,-60.79571911920476,65.23,88.0,99.0,8.48,AR,1599930468.0
647,Mindelheim,47.997337023591285,10.389208421788283,73.99,53.0,20.0,4.7,DE,1599930468.0
648,Kirakira,-13.120000922418441,161.8707723508234,78.49,84.0,5.0,8.05,SB,1599930046.0
649,Pokoynoye,44.88517136152682,44.09192423425887,74.44,45.0,0.0,9.35,RU,1599930469.0
650,Senador Guiomard,-10.239949443928959,-68.28379948895045,89.6,52.0,40.0,3.36,BR,1599930469.0
651,Tongliao,44.62732704516407,120.55652394711325,57.78,97.0,52.0,7.94,CN,1599930469.0
652,Harsud,21.815492980608955,76.76591658054605,79.79,84.0,37.0,3.56,IN,1599930370.0
653,Inta,66.05963378217685,59.3682182643911,47.89,88.0,92.0,10.33,RU,1599930469.0
654,Copperas Cove,31.302327812423197,-98.03394331708856,84.0,65.0,20.0,4.7,US,1599930470.0
655,Svetlaya,46.04979852441637,139.82209757800865,53.92,73.0,100.0,6.33,RU,1599930470.0
656,Raahe,64.39983862472309,23.848077557582393,53.6,81.0,75.0,3.36,FI,1599930470.0
657,Santa Fe,20.768516437304566,-82.94321621849876,70.0,42.0,29.0,5.99,CU,1599930470.0
658,Birao,10.398085220180066,24.02486116091765,76.86,85.0,98.0,4.83,CF,1599930471.0
659,Surgut,60.638925863564175,73.67830800342198,62.6,59.0,92.0,11.18,RU,1599930391.0
660,Haines Junction,62.81415235607533,-141.31226637488786,42.6,61.0,0.0,1.19,CA,1599930154.0
661,Huarmey,-14.787738850073813,-87.13502400108064,66.07,67.0,75.0,9.78,PE,1599930080.0
662,Shu,43.76419896391058,74.48595752156359,66.99,56.0,9.0,7.0,KZ,1599930471.0
663,Maua,0.44722793108693537,37.8634035881353,93.0,22.0,35.0,9.17,KE,1599930471.0
664,Pangnirtung,67.58535256894423,-66.80246299379185,41.0,75.0,40.0,8.05,CA,1599930111.0
665,Kula,43.95511833713027,22.554693814665153,70.79,55.0,46.0,4.18,BG,1599930472.0
666,Cayenne,9.04346263607367,-46.49543094343496,89.6,62.0,20.0,12.75,GF,1599930119.0
667,Port Hedland,-19.653858180550458,118.83747932239449,71.6,94.0,11.0,5.82,AU,1599930136.0
668,Kassala,15.378483096827756,36.104438536408864,92.34,40.0,0.0,4.03,SD,1599930472.0
669,Aksu,40.98459010673352,80.65578735215942,72.55,33.0,80.0,1.99,CN,1599930472.0
670,Weligama,0.9284221188013075,79.48274110289545,78.26,90.0,95.0,8.99,LK,1599930472.0
671,Ronne,55.3462285223835,14.589143427414037,64.4,72.0,79.0,26.4,DK,1599930473.0
672,Yagoua,10.406597163296547,15.045043104630347,76.77,87.0,48.0,1.72,CM,1599930473.0
673,Arukutti,9.965571850577806,76.39251931181334,75.2,100.0,90.0,4.7,IN,1599930473.0
674,Atambua,-7.787795848666843,126.80353478168925,66.27,81.0,8.0,5.53,ID,1599930473.0
675,La Ronge,56.63037443897338,-106.74713151861809,48.2,70.0,75.0,18.34,CA,1599930474.0
676,Talnakh,75.7130581783418,94.12186325492145,53.6,87.0,93.0,13.42,RU,1599930168.0
677,Vanderhoof,52.94502886748629,-124.76637072952713,58.46,63.0,97.0,3.53,CA,1599930474.0
678,Aswan,22.764234897054447,35.20995373022916,97.86,13.0,0.0,9.82,EG,1599930129.0
679,Aflu,34.70458925441411,1.2391974590758936,,,,,DZ,
680,Broken Hill,-26.34599485050049,140.97940955360414,68.0,37.0,100.0,5.82,AU,1599929973.0
681,Zanjan,36.805545672998285,47.81500089617825,68.29,48.0,4.0,8.88,IR,1599930366.0
682,Mbanza-Ngungu,-5.154700448026013,14.275639636107094,83.57,43.0,38.0,6.29,CD,1599930475.0
683,Parnamirim,-7.925834591549839,-39.63323690246516,86.0,51.0,20.0,23.04,BR,1599930475.0
684,Spearfish,43.45012908502973,-104.21059760240317,69.01,34.0,1.0,12.75,US,1599930241.0
685,Mercedes,-33.29985100286693,-65.38483308017148,66.99,38.0,0.0,5.99,AR,1599930475.0
686,Kungurtug,51.29416605263141,98.71210182245713,32.61,94.0,98.0,2.42,RU,1599929973.0
687,Kattivakkam,13.823235653875424,82.5732963372167,82.4,78.0,75.0,11.41,IN,1599930476.0
688,Louisbourg,39.34465167830665,-58.19186696612805,,,,,CA,
689,Mandiana,10.51604064463006,-8.800710241772471,78.87,82.0,83.0,2.62,GN,1599930476.0
690,Acapulco,6.044682982797445,-104.63966361548047,86.0,74.0,20.0,4.7,MX,1599930476.0
691,Makung,22.89165820533431,119.04250794602565,,,,,TW,
692,Ngorongoro,-3.1615541010384973,35.03831286586324,57.81,62.0,63.0,8.3,TZ,1599930477.0
693,Banda Aceh,5.704722804431965,93.67442252028859,79.81,68.0,100.0,2.53,ID,1599930039.0
694,Bac Lieu,8.051661546547068,107.03225991610923,81.68,81.0,100.0,6.26,VN,1599930477.0
695,Lamar,37.918991909222854,-103.13772208587316,82.0,74.0,1.0,8.05,US,1599930477.0
696,Illora,37.23992468465878,-3.909851431586304,93.2,20.0,48.0,8.05,ES,1599930477.0
697,Sandwick,59.13418659690738,-0.9365840392127089,53.6,76.0,17.0,28.86,GB,1599930478.0
698,Sorong,3.2374847689160324,131.15159542247505,78.44,88.0,100.0,12.01,ID,1599930051.0
699,Karkaralinsk,49.58901455333612,77.25375455509695,,,,,KZ,
700,Yichang,31.339078276537983,110.73435006859225,68.0,84.0,99.0,3.87,CN,1599930302.0
701,Darnah,33.31579400267026,23.449769332880784,76.86,78.0,0.0,10.09,LY,1599930478.0
702,Sao Geraldo Do Araguaia,-6.700808771142985,-50.10760614092196,106.99,13.0,4.0,5.91,BR,1599930478.0
703,Kathu,-27.60047228996134,22.126339572377326,81.0,100.0,75.0,2.24,ZA,1599930172.0
704,Komsomolskiy,76.68838582658223,174.87208272246284,69.8,35.0,0.0,4.7,RU,1599930010.0
705,Shingu,26.051881609095428,137.6881391156238,73.94,92.0,4.0,3.02,JP,1599930110.0
706,Oriximina,0.20899817780872243,-56.562434321828704,99.23,29.0,4.0,10.4,BR,1599930479.0
707,Katangli,52.03668006564423,144.4087856113157,46.62,87.0,0.0,10.27,RU,1599930100.0
708,Vizinga,60.775311192297266,49.32480162009345,48.11,88.0,57.0,4.81,RU,1599930479.0
709,Sola,-14.366973458710032,168.8893961024335,79.63,83.0,66.0,20.94,VU,1599930045.0
710,Voh,-22.355503981774504,162.97529730244648,63.46,86.0,6.0,5.37,NC,1599930480.0
711,Barbar,19.347965424844286,34.40554917512637,,,,,SD,
712,Zhuanghe,39.16600653441854,123.34412075877955,64.65,83.0,39.0,3.44,CN,1599930480.0
713,Krasnoyarskaya,47.39996596270835,42.17382116133871,67.15,33.0,0.0,13.31,RU,1599930480.0
714,Ndele,8.868215879243564,20.737755237596723,70.29,95.0,68.0,2.37,CF,1599930137.0
715,Batala,31.880649778584807,75.13147741438164,84.2,79.0,0.0,3.83,IN,1599930480.0
716,Aluksne,57.3960584263988,27.039535258557617,54.09,79.0,94.0,8.52,LV,1599930481.0
717,Ruatoria,-32.574765316743395,179.86488591676576,,,,,NZ,
718,Sinkat,21.365307419095767,34.93091911380814,,,,,SD,
719,Sharjah,24.70669498464278,56.27335489455382,102.2,24.0,64.0,6.93,AE,1599930328.0
720,Muravlenko,63.2143338680447,71.2027049326941,54.32,73.0,100.0,15.3,RU,1599930481.0
721,Tabiauea,-2.281537549710939,169.28316128199052,,,,,KI,
722,Garowe,9.498951549540136,47.4100798406403,89.56,35.0,84.0,13.6,SO,1599930482.0
723,Wattegama,5.563203859883467,84.59494512351127,80.51,68.0,100.0,5.59,LK,1599930446.0
724,Banyo,6.270905931600106,11.81387944035593,67.95,90.0,100.0,2.01,CM,1599930482.0
725,Kihei,20.21521846733771,-156.79271945975833,75.99,64.0,20.0,5.82,US,1599930482.0
726,Ruston,32.31424482462124,-92.98033679633957,84.2,66.0,1.0,4.18,US,1599930482.0
727,Ozgon,41.42001133698521,74.00100713045545,,,,,KG,
728,Kjopsvik,68.2644769993053,16.518422789490298,50.0,81.0,75.0,16.11,NO,1599930483.0
729,Abeokuta,7.242446592102151,3.1618141089076324,80.6,88.0,75.0,6.93,NG,1599930312.0
730,Ubinskoye,55.10642522001903,79.21014064491699,50.25,91.0,88.0,7.9,RU,1599930483.0
731,Key West,24.490576411268442,-82.5559574345665,80.6,88.0,90.0,10.29,US,1599930263.0
732,Torbay,38.13397439222704,-50.32057766278103,59.0,50.0,20.0,9.17,CA,1599929963.0
733,Narrabri,-30.05293049637943,147.92143891165134,53.6,66.0,1.0,8.05,AU,1599930484.0
734,San Policarpo,15.956570903325778,132.32547568132298,81.81,78.0,100.0,2.46,PH,1599930427.0
735,Chesterville,45.058899857948994,-75.15446515457336,66.0,54.0,48.0,1.01,CA,1599930484.0
736,Rafaela,-30.78673480496516,-61.39933019513633,73.0,20.0,51.0,5.01,AR,1599930484.0
737,Svetlyy,48.80512127955107,63.29276495068353,64.4,77.0,0.0,6.71,RU,1599930484.0
738,San Jeronimo,11.037079782446153,-103.46838332740462,61.43,39.0,88.0,2.91,MX,1599929967.0
739,Herat,35.55293110839441,62.77536980081695,75.2,24.0,0.0,10.29,AF,1599930485.0
740,Jacareacanga,-7.24768090858514,-55.93526436200706,102.13,25.0,60.0,1.41,BR,1599930485.0
741,Walvis Bay,-24.44739159110467,14.7687778928987,62.6,72.0,36.0,8.05,NA,1599930172.0
742,Xai-Xai,-25.060344930362255,33.6070834246677,67.95,80.0,0.0,8.32,MZ,1599930053.0
743,Qandala,14.945797642737686,49.317543262706124,90.77,52.0,20.0,1.12,SO,1599930485.0
744,North Platte,41.53801964699939,-100.53720475986313,64.0,67.0,90.0,6.93,US,1599930396.0
745,Trofors,65.53006913719015,13.921216245179835,50.0,81.0,99.0,13.87,NO,1599930486.0
746,Chimoio,-18.604500121107712,33.37768985801309,75.2,44.0,40.0,13.87,MZ,1599930486.0
747,Dezful,32.560674469378114,48.092570290989265,92.1,11.0,0.0,5.46,IR,1599930486.0
748,Dingli,34.985491473861615,13.451758496445423,79.0,69.0,20.0,4.7,MT,1599930486.0
749,Dodge City,37.82062983710297,-100.44571017025386,77.0,60.0,1.0,9.17,US,1599930327.0
750,Sunrise Manor,36.92959991248662,-115.02986691806939,84.99,12.0,1.0,1.59,US,1599930487.0
751,Smithers,57.034615884627165,-126.91627882016262,50.0,87.0,40.0,4.7,CA,1599930447.0
752,Tongsa,27.43848050306592,90.54754088438425,,,,,BT,
753,Hamirpur,25.96933414172734,80.07107322237098,87.71,58.0,89.0,5.19,IN,1599930487.0
754,Wuda,39.3420529350365,106.7633319622484,70.09,46.0,45.0,3.11,CN,1599930488.0
755,Srandakan,-9.075831801654944,109.37884456638764,74.93,87.0,64.0,3.67,ID,1599930488.0
756,Aykhal,67.06246025200574,109.36422908478995,46.4,75.0,90.0,2.24,RU,1599930488.0
757,Wawa,47.97357257313484,-85.06575215416154,83.1,82.0,35.0,2.37,CA,1599930488.0
758,Dongsheng,38.77888553251804,108.721694025909,63.64,61.0,62.0,16.75,CN,1599930109.0
759,Gayeri,12.083228251043597,0.48055218250107057,90.39,61.0,0.0,1.19,BF,1599930489.0
760,Chardara,41.52063525500407,67.24391771283692,68.34,33.0,0.0,9.08,KZ,1599930489.0
761,Thinadhoo,-0.16725258335177906,65.23551219228096,82.83,73.0,26.0,7.99,MV,1599930489.0
762,Caxito,-8.42307536850829,13.59159748068012,77.0,73.0,9.0,9.17,AO,1599930489.0
763,Sao Domingos,-13.562359210222066,-46.10580209314081,93.31,16.0,0.0,11.01,BR,1599930489.0
764,Sinnamary,14.545912077938448,-48.52756620099983,87.82,60.0,0.0,13.85,GF,1599930490.0
765,Atikokan,48.787983339849966,-90.82393209099146,55.87,90.0,100.0,4.18,CA,1599930490.0
766,Bolonchen,19.230405522071212,-90.09135464407252,,,,,MX,
767,Yeppoon,-22.822706832841877,151.42354685088372,62.6,77.0,43.0,6.93,AU,1599930071.0
768,Abu Dhabi,23.97742603417614,52.71904159329146,95.0,79.0,68.0,11.41,AE,1599929873.0
769,Toliary,-23.301403922822253,39.6097962781678,,,,,MG,
770,Teknaf,20.389360427400764,92.09787690061789,81.54,86.0,100.0,5.44,BD,1599930491.0
771,Inhambane,-27.798845141358523,39.32108616760058,73.4,78.0,20.0,5.82,MZ,1599930491.0
772,Mahibadhoo,3.5327959783788367,69.10653904787085,82.27,78.0,58.0,6.33,MV,1599930491.0
773,Murray,36.74366055895121,-88.02337396976185,75.99,24.0,1.0,14.99,US,1599930491.0
774,Hoquiam,46.97220807577055,-124.39275579852881,57.99,82.0,90.0,6.93,US,1599930492.0
775,Sioux Lookout,52.85910638705239,-92.27387541025928,53.6,93.0,90.0,8.05,CA,1599930492.0
776,Demyansk,57.54935244298796,32.38942264330427,53.22,77.0,69.0,7.63,RU,1599930492.0
777,Palabuhanratu,-17.531109912374923,104.02169823608146,,,,,ID,
778,Saint-Georges,4.974299886674195,-47.6660652562798,87.8,74.0,40.0,12.75,GF,1599930492.0
779,Chara,56.860931648148146,118.75577001475736,52.97,68.0,52.0,3.36,RU,1599930493.0
780,Kizema,61.012694161405555,44.95672692393186,46.89,93.0,100.0,5.41,RU,1599930493.0
781,Mandera,5.000000290922648,42.27205831882388,88.29,35.0,36.0,12.64,KE,1599930493.0
782,Mapiripan,3.0289104139894,-72.30999429739019,91.81,48.0,12.0,4.18,CO,1599930493.0
783,Kingisepp,59.06202154459889,29.033846947403443,54.68,81.0,100.0,9.28,RU,1599930493.0
784,Canoas,-29.978577340668203,-51.1434553299534,64.4,93.0,90.0,4.7,BR,1599930494.0
785,Velizh,55.612571329974784,31.09146523305117,52.0,87.0,64.0,5.91,RU,1599930494.0
786,Yirol,6.088141056037935,30.795963407425184,,,,,SD,
787,Coos Bay,42.550556837185894,-125.41091898607192,51.8,100.0,90.0,2.06,US,1599930494.0
788,Matara,-0.17859385032713004,81.13877890339012,77.97,90.0,97.0,9.1,LK,1599930043.0
789,Yeniseysk,59.61679756640718,89.98985303634808,44.91,92.0,0.0,1.92,RU,1599930023.0
790,Polunochnoye,61.872077419935316,59.78684152533512,45.3,90.0,50.0,6.06,RU,1599930495.0
791,La Ferte-Bernard,48.08132088927497,0.49441711274362365,77.0,33.0,0.0,3.36,FR,1599930475.0
792,Lazaro Cardenas,4.894981693332372,-109.12827053247841,86.85,66.0,23.0,1.5,MX,1599930004.0
793,Tchibanga,-3.0802746449584895,10.94053703975957,73.89,82.0,92.0,6.69,GA,1599930495.0
794,Tatarsk,54.96875639981525,76.19081457006416,52.86,67.0,100.0,9.22,RU,1599930495.0
795,Nanning,22.430709386032866,107.79598864811896,80.6,88.0,97.0,2.24,CN,1599930495.0
796,Tual,-7.086523753149839,133.45411814868538,79.07,83.0,49.0,18.72,ID,1599929991.0
797,Fortuna Foothills,32.7565686191344,-113.42301991534161,91.0,18.0,1.0,2.84,US,1599930305.0
798,Khani,57.081244576134104,120.69211622133601,77.0,83.0,0.0,9.17,RU,1599930496.0
799,Imbituba,-29.23132359427168,-45.266937548470345,82.4,45.0,71.0,13.87,BR,1599930496.0
800,Faya,18.25293536248976,19.350084586824813,80.6,10.0,20.0,9.17,TD,1599930496.0
801,Orange,30.464502884687768,-93.77218564530003,78.01,56.0,40.0,3.98,US,1599930497.0
802,Doaba,33.60621108310601,70.7882969385013,82.89,35.0,0.0,2.48,PK,1599930497.0
803,Guadalupe Y Calvo,26.603712232829945,-107.26441233213727,66.4,82.0,69.0,3.0,MX,1599930497.0
804,Pittsburg,37.70966148802597,-94.50390153444282,73.0,64.0,0.0,4.05,US,1599930497.0
805,San Roque,4.865412148854242,123.50293848607771,77.0,69.0,75.0,11.41,PH,1599930497.0
806,Marsh Harbour,30.340111130162054,-73.70902129152134,84.36,75.0,100.0,19.22,BS,1599930498.0
807,Dukat,64.03909539142711,155.1404184299604,33.57,91.0,6.0,6.08,RU,1599930498.0
808,Santa Isabel Do Rio Negro,2.2929337757969925,-65.24924418261168,94.86,41.0,21.0,3.4,BR,1599930498.0
809,Bafia,5.2159216624235025,11.253491601291394,70.45,96.0,100.0,3.27,CM,1599930498.0
810,Te Anau,-43.5835960282584,161.6810389471696,46.51,88.0,100.0,5.17,NZ,1599930037.0
811,Ambatofinandrahana,-20.661427974268648,46.470199209757865,61.9,74.0,64.0,4.32,MG,1599930499.0
812,Pinehurst,35.239631738791054,-79.42187621735795,79.0,78.0,90.0,10.29,US,1599930499.0
813,Marcona,-22.44818295178727,-81.42686632923981,,,,,PE,
814,Trinidad,-14.546599512982048,-65.17817030061488,93.2,56.0,38.0,11.41,BO,1599930499.0
815,Macon,32.92455359458443,-83.48125289787163,71.6,100.0,90.0,11.41,US,1599930499.0
816,Green River,42.433293764250394,-110.00137031588672,55.4,35.0,1.0,5.82,US,1599930500.0
817,Yuci,37.34656058366645,112.84579248119474,62.6,72.0,55.0,8.95,CN,1599930500.0
818,Beloha,-30.533955836015274,39.66492643371642,69.33,80.0,12.0,14.41,MG,1599930138.0
819,Alotau,-9.71039085232241,150.12982178755365,,,,,PG,
820,Stuttgart,34.117148824957994,-91.43931756006742,77.0,50.0,42.0,9.17,US,1599930500.0
821,Lahaina,17.791742796198704,-158.07396960523107,75.0,64.0,20.0,5.82,US,1599930014.0
822,Chihu,24.007881813992476,120.47874753990199,,,,,TW,
823,Madimba,-11.167349059470853,40.86867236846539,77.0,73.0,20.0,9.17,TZ,1599930501.0
824,Bucerias,20.752667629356708,-105.82095053270783,82.4,78.0,75.0,4.7,MX,1599930501.0
825,Bardiyah,31.885729246352994,25.18235283338663,76.91,73.0,0.0,12.48,LY,1599930094.0
826,Sao Jose Da Coroa Grande,-11.246700714919841,-28.206688429667565,78.26,65.0,25.0,13.62,BR,1599930434.0
827,Rungata,-0.1160084783503823,177.42168810095288,,,,,KI,
828,Port Moresby,-12.674530546932273,145.7635352044895,75.2,73.0,40.0,11.41,PG,1599930502.0
829,Hualmay,-18.98582711581515,-90.2219061433874,65.41,66.0,59.0,9.24,PE,1599930096.0
830,Kushmurun,52.19854898585298,65.44521341053505,64.81,47.0,31.0,7.85,KZ,1599930502.0
831,Necochea,-51.08806306319124,-52.71215844338947,66.0,37.0,0.0,13.0,AR,1599930502.0
832,Pocone,-17.568669203866854,-56.28542679800967,109.71,8.0,0.0,8.16,BR,1599930502.0
833,Grootfontein,-20.576627364447848,19.258165251803906,67.41,22.0,0.0,6.73,NA,1599930503.0
834,Ankang,32.368424853878416,109.15008769409013,70.88,76.0,100.0,2.21,CN,1599930503.0
835,Temaraia,0.52239503898036,174.83657157428965,,,,,KI,
836,Pushkino,39.64486973295709,48.5710950100506,59.0,54.0,73.0,6.71,AZ,1599930503.0
837,Francistown,-21.201466765939823,27.78159871595082,75.2,31.0,0.0,10.29,BW,1599930504.0
838,Taunggyi,20.724752052958504,96.75875509696644,65.41,100.0,100.0,0.83,MM,1599930415.0
839,Tallahassee,30.436566908340534,-83.92583866685969,89.6,59.0,75.0,12.75,US,1599930209.0
840,Kuopio,62.980031359844816,27.766618645575434,55.4,87.0,40.0,11.41,FI,1599930504.0
841,Bababe,16.6026257297438,-13.815469968857048,,,,,MR,
842,Tapaua,-4.947596179826501,-63.86981924313784,,,,,BR,
843,Port Keats,-13.291424061824847,130.0296291067257,75.2,87.0,3.0,5.95,AU,1599930505.0
844,Hunza,38.18452318433065,74.59080743486545,,,,,PK,
845,Mantua,23.03102916835909,-85.41183962983088,84.2,45.0,0.0,3.36,CU,1599930505.0
846,Nyurba,63.182877256896994,117.67235551636527,45.93,93.0,100.0,4.45,RU,1599930040.0
847,Zolotinka,55.97534654763867,126.36447466323311,,,,,RU,
848,Fort Nelson,61.99825369747723,-122.14584520746448,44.6,93.0,90.0,4.7,CA,1599930505.0
849,Ust-Nera,65.0061016063944,141.14335453816932,41.56,67.0,0.0,0.4,RU,1599930087.0
850,Aqtobe,50.01740297427446,57.48158539013438,59.0,47.0,73.0,2.24,KZ,1599930506.0
851,Xinmin,42.546067730530815,123.01879308874294,60.8,100.0,20.0,2.24,CN,1599930506.0
852,Rincon,14.347221055890328,-66.14423269158873,87.8,62.0,75.0,13.87,AN,1599930419.0
853,Palmer,60.278538939125696,-145.19500442255645,71.01,52.0,75.0,5.82,US,1599930506.0
854,Zabol,31.860854812675523,60.945607245078946,67.53,21.0,0.0,6.44,IR,1599930506.0
855,Yarmouth,43.00446909587924,-67.191760433572,68.0,45.0,1.0,10.29,CA,1599929954.0
856,Nuuk,65.03781113805776,-50.681042253985815,42.01,27.0,20.0,13.87,GL,1599930507.0
857,Rathkeale,52.558605221104926,-8.997324476522358,64.4,72.0,75.0,19.46,IE,1599930507.0
858,Fevralsk,51.45219445018114,130.79943525449707,,,,,RU,
859,Reyes,-13.32247878262737,-68.02719942163989,101.3,27.0,1.0,5.32,BO,1599930507.0
860,Aguadilla,18.431062894361272,-67.1615924455294,88.0,70.0,1.0,12.75,US,1599930508.0
861,Beihai,21.327238150854438,109.12396712565535,84.2,81.0,100.0,13.91,CN,1599930508.0
862,Sadri,25.157497524268713,73.65752346009542,83.8,55.0,27.0,5.14,IN,1599930508.0
863,Westport,-36.61627436025582,164.62998375486845,70.0,49.0,1.0,16.11,NZ,1599929998.0
864,Jinchang,40.30462977064819,102.06421709461733,64.92,28.0,97.0,7.07,CN,1599930508.0
865,Safford,32.882710707897886,-110.31507200557218,73.4,40.0,1.0,9.17,US,1599930509.0
866,Sala,60.08845959629246,16.43403397871643,75.2,78.0,75.0,8.05,SE,1599930504.0
867,Nalvo,17.051782388316997,119.90708160654718,75.2,82.0,100.0,2.84,PH,1599930509.0
868,Makakilo City,5.916187462764429,-164.76386720100078,75.2,83.0,75.0,3.36,US,1599930508.0
869,Biharamulo,-2.36414451007012,31.357688802792595,69.49,53.0,37.0,3.18,TZ,1599930509.0
870,Natal,-5.21257527386041,-34.247361886302265,86.0,51.0,20.0,23.04,BR,1599930509.0
871,Rock Springs,42.08264322231461,-108.82424206531577,55.4,35.0,1.0,5.82,US,1599930510.0
872,Petawawa,45.87238800711649,-77.48395058261427,64.99,67.0,1.0,11.41,CA,1599930510.0
873,Guerrero Negro,21.500781130579053,-122.55342969267002,83.73,37.0,0.0,8.39,MX,1599930016.0
874,Sukhobezvodnoye,57.47883498857042,44.4606105434999,50.11,83.0,61.0,5.17,RU,1599930510.0
875,San Carlos,9.354202835148726,-68.29187972321334,87.48,63.0,38.0,5.75,VE,1599930116.0
876,Grindavik,52.93024316505121,-25.085439127981186,51.8,66.0,75.0,6.93,IS,1599929997.0
877,Dunmore Town,26.80334338457287,-74.32546346173632,83.86,77.0,100.0,18.99,BS,1599930511.0
878,High Level,59.158390322037,-118.62428679064843,41.0,93.0,40.0,2.17,CA,1599930511.0
879,Gorom-Gorom,14.165123351686017,-0.6951235878724726,99.34,30.0,5.0,5.82,BF,1599930511.0
880,Rome,43.79038895766813,-75.20809085397998,86.0,74.0,90.0,4.7,US,1599930397.0
881,Faqirwali,29.35591828735722,72.95680664699528,92.98,27.0,0.0,0.98,PK,1599930512.0
882,Meadow Lake,57.756430352097254,-107.99600874213338,64.99,47.0,75.0,9.17,CA,1599930512.0
883,Garhakota,23.700379636359518,79.23967536160389,80.38,70.0,99.0,1.39,IN,1599930512.0
884,Okha,53.8911200139628,142.22188999316074,47.3,76.0,19.0,4.5,RU,1599930512.0
885,Mentok,-1.723347058033179,106.79446078785202,,,,,ID,
886,Safranbolu,41.33989884600608,32.62905234759213,75.0,54.0,21.0,2.42,TR,1599930513.0
887,Panguna,-4.789220154671462,154.44492344708118,66.72,99.0,3.0,1.88,PG,1599930513.0
888,Sistranda,64.0672534906429,9.168745621192418,53.6,71.0,40.0,12.75,NO,1599930513.0
889,Ayorou,15.572042543422231,1.473724882675942,99.55,29.0,5.0,4.27,NE,1599930485.0
890,Enfield,43.52946427399522,-72.07969935444387,55.0,93.0,75.0,6.93,US,1599930514.0
891,Kainantu,-5.746538370364602,145.8893661493441,60.01,96.0,84.0,2.06,PG,1599930514.0
892,Wahran,36.4541067162199,-0.42832543003056944,,,,,DZ,
893,Chemal,51.36712595152485,86.23238013846544,42.55,66.0,0.0,3.69,RU,1599930514.0
894,Maposeni,-10.34341485489373,35.08330928175377,77.0,44.0,20.0,5.82,TZ,1599930514.0
895,Nueva Imperial,-38.776164050649975,-72.9338156746385,50.0,87.0,90.0,6.93,CL,1599930515.0
896,Bengkalis,0.9139036941156053,102.19508759195533,,,,,ID,
897,Natchitoches,31.167183513446943,-93.5918829151689,87.8,66.0,1.0,3.36,US,1599930516.0
898,Cukai,4.344049436912205,103.37721178866634,77.0,88.0,50.0,5.17,MY,1599930516.0
899,Suntar,61.819519459673586,118.15487092659922,48.54,92.0,100.0,4.38,RU,1599930517.0
900,Mae Hong Son,19.969569779039684,97.91958897885031,75.56,87.0,100.0,1.77,TH,1599930304.0
901,Sofiysk,51.03473574391347,134.34714473211795,,,,,RU,
902,Xiongshi,28.20557264291587,117.47913869617825,,,,,CN,
903,Juba,5.422246235981284,31.796809294346748,76.98,76.0,72.0,1.59,SD,1599930517.0
904,Darvel,55.56926506721574,-4.164245470856902,55.4,87.0,40.0,11.41,GB,1599930517.0
905,Quatre Cocos,-17.345699300257603,72.19760142693869,71.6,88.0,40.0,6.93,MU,1599930011.0
906,Kutulik,52.7981532636468,102.45524025916097,45.0,95.0,100.0,10.87,RU,1599930518.0
907,Cassilandia,-19.14352267131654,-51.265598231437565,102.2,10.0,0.0,12.08,BR,1599930518.0
908,Santa Marta,12.837875824902557,-73.95698140523696,93.2,63.0,40.0,6.93,CO,1599930435.0
909,Buqayq,26.942436507255255,47.88901285369021,,,,,SA,
910,Ixtapa,3.9723397196048493,-107.11786565177293,82.4,78.0,75.0,4.7,MX,1599930038.0
911,San Juan,23.957074729755377,-65.23268607110258,77.65,17.0,0.0,11.99,US,1599930002.0
912,Innisfail,-16.848762813067374,147.05271355174673,66.45,88.0,42.0,6.51,AU,1599930519.0
913,Kurilsk,45.475781884465206,146.79457074536663,51.75,72.0,96.0,3.94,RU,1599930519.0
914,Kerouane,9.145275581974099,-8.593047832797623,76.91,86.0,93.0,3.38,GN,1599930519.0
915,Hammerfest,73.15164957767057,22.96226995195566,50.0,76.0,100.0,5.82,NO,1599930519.0
916,Tineo,43.42514233525253,-6.54803216770693,72.0,78.0,75.0,11.41,ES,1599930520.0
917,Bell Ville,-32.69795441402728,-62.95477379234959,70.0,27.0,0.0,9.64,AR,1599930520.0
918,Ranong,9.740508455097745,97.50890716924887,79.75,82.0,78.0,3.51,TH,1599930500.0
919,Bairiki,0.8418035013874692,167.73189520240388,80.6,78.0,75.0,10.29,KI,1599930520.0
920,Guhagar,16.676195847131766,70.50279242310022,78.3,88.0,70.0,7.47,IN,1599930520.0
921,High Prairie,55.960400722327826,-115.6893212829223,42.22,87.0,100.0,10.71,CA,1599930521.0
922,Tabuk,26.804996456548235,36.84095459834343,75.61,84.0,100.0,2.08,SA,1599930522.0
923,Ambodifototra,-17.89086530333463,52.1987853497573,,,,,MG,
924,Payo,14.764041721777563,125.495832158555,74.41,72.0,100.0,2.17,PH,1599930522.0
925,Kyzyl-Suu,40.61558019676444,77.9433436420656,51.82,71.0,23.0,2.8,KG,1599930522.0
926,Bikaner,28.180471225106565,72.6934078244578,96.44,29.0,8.0,1.01,IN,1599930335.0
927,Mersing,2.4729889420683437,104.81349447998004,73.4,100.0,49.0,3.36,MY,1599930523.0
928,Deder,8.917886803598218,41.72879326805531,60.82,77.0,88.0,3.91,ET,1599930523.0
929,Berdigestyakh,62.31798561555477,126.43062086587756,52.12,95.0,99.0,3.04,RU,1599930523.0
930,Huilong,31.93783310497427,122.84609610207904,75.99,89.0,40.0,5.61,CN,1599930523.0
931,Jacqueville,2.8627816137972797,-4.306463884793869,80.6,83.0,40.0,11.41,CI,1599930524.0
932,Mweka,-3.828086394346395,21.86562558337452,79.95,52.0,70.0,2.1,CD,1599930524.0
933,Cassino,41.53403437282073,13.753405953203384,82.99,45.0,87.0,1.99,IT,1599930524.0
934,Yelatma,54.99314871674514,41.99398053392302,51.22,77.0,6.0,4.97,RU,1599930524.0
935,Progreso,22.759685554200356,-89.61364765012522,91.0,70.0,75.0,5.82,MX,1599930524.0
936,Lawar,29.06334673720209,77.7997954203955,,,,,IN,
937,La Rioja,-30.05512049822956,-66.01711426713084,87.8,27.0,0.0,3.36,AR,1599930032.0
938,Poronaysk,48.37785707074883,145.83580594067084,45.75,77.0,1.0,6.17,RU,1599930525.0
939,Araouane,19.386623001926242,-5.287033795326801,105.57,17.0,28.0,7.14,ML,1599930402.0
940,Langsa,4.901776311062147,98.32245034583593,71.73,93.0,100.0,2.35,ID,1599930135.0
941,Terrace,55.65784603089746,-129.16887841922485,55.4,87.0,75.0,5.82,CA,1599930525.0
942,Oum Hadjer,13.821422735769277,19.02740899452126,86.9,58.0,79.0,7.2,TD,1599930526.0
943,Padang,-9.506537638461477,88.58050239764135,78.04,76.0,96.0,3.78,ID,1599930058.0
944,Malwan,15.7382287746989,70.1030042591493,,,,,IN,
945,Mizdah,30.034327855579452,13.873177770241504,83.64,48.0,0.0,23.26,LY,1599930526.0
946,Tura,69.13058756223509,96.44814880092383,75.34,85.0,100.0,4.41,RU,1599929980.0
947,Kasungu,-13.176578234366286,33.20993961909554,66.31,57.0,19.0,6.4,MW,1599930526.0
948,Libreville,0.8252680748876073,8.100157319547517,80.6,83.0,75.0,8.05,GA,1599930527.0
949,Jiaojiang,28.099346194827696,123.1641188471636,78.01,80.0,78.0,3.91,CN,1599930527.0
950,Bow Island,49.16795627767218,-111.11362323780429,62.01,67.0,40.0,11.41,CA,1599930527.0
951,Porto Seguro,-17.128182672052034,-37.392981593279615,78.8,61.0,40.0,9.17,BR,1599930527.0
952,Jodhpur,26.345738702378505,72.78860898269002,90.0,47.0,7.0,8.41,IN,1599930527.0
953,Tikapur,29.098377584415342,81.41127196284347,82.99,89.0,100.0,1.99,NP,1599930528.0
954,Bukachacha,53.112035985797036,117.14934500026416,48.15,89.0,100.0,3.04,RU,1599930528.0
955,Laizhou,37.55046107736998,119.78168397216356,64.22,90.0,0.0,3.53,CN,1599930528.0
956,Magadan,56.6594211667836,150.67235710449916,45.81,68.0,17.0,6.55,RU,1599930528.0
957,Ati,14.288938347477108,18.192588916055776,90.57,49.0,70.0,8.41,TD,1599930529.0
958,Olpad,21.03542880896544,72.4500402498412,82.42,81.0,28.0,5.26,IN,1599930529.0
959,Floro,62.11330287939942,3.1873875973694354,53.6,81.0,98.0,27.51,NO,1599930529.0
960,Atasu,48.34846474780203,71.59441016021546,60.69,31.0,48.0,3.89,KZ,1599930529.0
961,Ugoofaaru,5.026765318153553,64.14451627504185,82.26,80.0,100.0,10.65,MV,1599930530.0
962,Kalulushi,-13.187720070692823,27.794170068683645,71.37,28.0,9.0,5.95,ZM,1599930530.0
963,Roebourne,-22.947239060943083,117.75561784509654,76.96,40.0,0.0,3.85,AU,1599930530.0
964,Jalu,26.75226631880483,24.335943123693593,90.25,20.0,0.0,8.19,LY,1599930047.0
965,Ussel,45.33424018750298,2.555416365805705,84.99,27.0,2.0,3.0,FR,1599930530.0
966,Arlit,22.09134632014222,7.822018701189801,105.71,9.0,8.0,13.85,NE,1599930122.0
967,Petropavlovskoye,51.884239855392934,83.91969059220757,44.38,76.0,0.0,4.43,RU,1599930531.0
968,Navalcarnero,40.25161454955268,-4.258367057443657,91.4,18.0,35.0,3.36,ES,1599930531.0
969,Brownwood,31.449924661649483,-99.46587005900054,78.8,65.0,1.0,3.13,US,1599930531.0
970,Sabancuy,20.16947401198604,-92.10028582743298,84.54,75.0,96.0,8.28,MX,1599930531.0
971,Bingol,39.01682134812926,40.66477133520602,75.69,25.0,85.0,7.9,TR,1599930532.0
972,Rundu,-16.61362134009208,20.76101947168734,75.25,18.0,4.0,6.73,NA,1599930532.0
973,Yorkton,51.31754025620101,-102.30025366108778,50.0,93.0,90.0,5.82,CA,1599930532.0
974,Kidal,18.340145699056215,2.64406034551516,104.86,10.0,51.0,16.6,ML,1599930533.0
975,Mindelo,15.987493112914539,-25.751774093383467,86.0,70.0,75.0,17.22,CV,1599930533.0
976,Martapura,-4.853948147683884,116.31108621442587,77.0,94.0,90.0,2.24,ID,1599930533.0
977,Port Macquarie,-34.775421160600324,162.60268920679317,48.99,97.0,5.0,8.81,AU,1599930041.0
978,Basco,20.126451379253748,125.08670982779806,84.67,79.0,81.0,11.79,PH,1599930048.0
979,Azrow,34.30788591933785,69.63483074420905,,,,,AF,
980,Ljungby,56.772005697573945,13.707444018717304,54.0,100.0,100.0,8.05,SE,1599930533.0
981,Nchelenge,-9.158946288383177,27.77289995783198,75.61,50.0,10.0,0.76,ZM,1599930534.0
982,Putai,23.297036996217955,119.97442429780708,80.6,30.0,0.0,5.82,TW,1599930534.0
983,Minna,9.777352019938641,6.439844885043804,84.2,70.0,75.0,6.93,NG,1599930534.0
984,Mirante Do Paranapanema,-22.297097254020176,-52.02583405462886,96.8,12.0,0.0,10.29,BR,1599930534.0
985,Raton,35.99437039059141,-104.32547987860498,73.0,36.0,1.0,3.36,US,1599930366.0
986,Potsdam,44.20277572855658,-75.2005919664554,75.0,54.0,13.0,9.04,US,1599930535.0
987,Oltu,40.8100292854507,42.268965710561744,72.39,28.0,3.0,2.98,TR,1599930535.0
988,Hollins,38.1413487575231,-80.07369088522279,73.0,88.0,90.0,8.05,US,1599930535.0
989,Mizan Teferi,6.026181592659839,34.78940046501756,63.88,90.0,100.0,2.13,ET,1599930535.0
990,Haibowan,40.13747471816919,108.37060502207598,,,,,CN,
991,Hobyo,1.0487133644335156,51.90477534175409,78.55,80.0,89.0,28.72,SO,1599930157.0
992,Khasan,39.79812779003191,131.428076168588,59.54,85.0,100.0,10.8,RU,1599930536.0
993,Nelson Bay,-38.536151830042506,159.2796170608005,57.0,100.0,7.0,8.48,AU,1599929963.0
994,Nueva Loja,-0.2295903887878492,-76.8556978267313,87.8,58.0,39.0,4.7,EC,1599930536.0
995,Gerede,40.42144544014141,32.47214583368383,63.81,72.0,62.0,4.92,TR,1599930536.0
996,Alice Springs,-21.856799103981064,131.3720588634773,60.8,21.0,0.0,2.95,AU,1599930082.0
997,Sarh,8.838678010311021,18.037707030830703,80.6,78.0,20.0,2.24,TD,1599930537.0
998,Jimo,36.07887550749304,121.44268633634762,70.0,94.0,20.0,4.47,CN,1599930537.0
999,Jardim,-1.0910923869955769,-37.13908432533987,103.23,11.0,0.0,8.79,BR,1599930537.0
