City,Lat,Lng,Max Temp,Humidity,Cloudiness,Wind Speed,Country,Date
Atuona,-9.8,-139.0333333,78.37,76.0,20.0,16.69,PF,1599977927.0
Puerto Ayora,-0.75,-90.3166667,66.0,93.0,95.0,4.0,EC,1599977928.0
Luderitz,-26.648055600000003,15.159444400000002,60.87,69.0,93.0,14.2,NA,1599977928.0
Altay,47.866667,88.116667,63.54,26.0,58.0,6.15,CN,1599977928.0
Busselton,-33.652489,115.345497,69.01,41.0,14.0,5.46,AU,1599977928.0
Bredasdorp,-34.532154,20.040308,59.0,67.0,61.0,12.75,ZA,1599977928.0
Barentsburg,78.0666667,14.233333300000002,,,,,SJ,
Ekibastuz,51.666667,75.366667,69.71,24.0,0.0,10.02,KZ,1599977929.0
Severo-Kurilsk,50.678889,156.125,50.52,83.0,74.0,22.75,RU,1599977929.0
Constitucion,-35.333333,-72.416667,47.25,77.0,1.0,8.61,MX,1599977929.0
Taolanaro,-25.033333300000002,47.0,,,,,MG,
Yellowknife,62.45,-114.35,41.0,100.0,90.0,9.17,CA,1599977652.0
Araouane,18.9,-3.55,91.47,31.0,13.0,4.14,ML,1599977930.0
Punta Arenas,-53.15,-70.916667,39.2,86.0,97.0,21.92,CL,1599977650.0
Chuy,-33.6833333,-53.45,50.76,90.0,2.0,3.53,UY,1599977930.0
Belushya Guba,71.539238,52.332117,,,,,RU,
Daitari,21.1,85.75,86.29,68.0,100.0,5.26,IN,1599977930.0
Rikitea,-23.120277800000004,-134.9691667,73.36,83.0,83.0,6.62,PF,1599977931.0
Umzimvubu,-31.622911,29.544772,,,,,ZA,
Visimo-Utkinsk,57.6843,59.3585,,,,,RU,
Tiksi,71.68722199999999,128.869444,49.66,64.0,1.0,2.44,RU,1599977931.0
Jamestown,-15.933333300000001,-5.7166667,64.99,87.0,90.0,11.41,SH,1599977932.0
Bluff,-46.6,168.333333,48.0,97.0,100.0,10.69,NZ,1599977932.0
Albany,-35.003101,117.86595200000001,57.99,76.0,10.0,7.85,AU,1599977932.0
Ranghulu,46.65,124.86666699999999,69.22,60.0,99.0,6.46,CN,1599977933.0
Oussouye,12.485,-16.5469444,78.8,94.0,20.0,4.7,SN,1599977933.0
Norman Wells,65.283333,-126.85,33.8,80.0,75.0,4.7,CA,1599977933.0
Hasaki,35.733333,140.833333,75.2,88.0,75.0,8.05,JP,1599977933.0
Ushuaia,-54.8,-68.3,39.2,86.0,40.0,12.75,AR,1599977806.0
Kapaa,22.0783333,-159.3219444,80.6,69.0,40.0,11.41,US,1599977934.0
Dubna,56.733332999999995,37.166667,59.45,67.0,68.0,15.19,RU,1599977934.0
Bulungu,-4.55,18.6,78.44,66.0,23.0,2.62,CD,1599977934.0
Sitka,57.0530556,-135.33,51.8,71.0,75.0,4.7,US,1599977934.0
Duz,33.466324,9.020302000000001,,,,,TN,
Barrow,71.2905556,-156.7886111,37.4,93.0,90.0,14.99,US,1599977935.0
Korla,41.759722,86.14694399999999,74.14,20.0,70.0,7.99,CN,1599977935.0
Lata,-10.7166667,165.83333330000002,68.0,56.0,94.0,1.63,SB,1599977935.0
Hithadhoo,-0.6,73.08333329999999,82.69,68.0,92.0,6.22,MV,1599977936.0
Ribeira Grande,38.516667,-28.7,68.0,82.0,40.0,6.93,PT,1599977936.0
Ponta Do Sol,17.2,-25.1,69.8,73.0,20.0,10.29,CV,1599977936.0
Port Alfred,-33.590571999999995,26.891037,84.15,21.0,48.0,29.44,ZA,1599977847.0
Chokurdakh,70.633333,147.916667,59.23,41.0,0.0,3.56,RU,1599977937.0
Ankazoabo,-22.283333300000002,44.5166667,81.9,35.0,0.0,6.06,MG,1599977937.0
Gedo,9.016667,37.45,59.76,91.0,18.0,0.81,ET,1599977937.0
Quatre Cocos,-20.207777800000002,57.7625,77.0,69.0,75.0,12.75,MU,1599977937.0
Lompoc,34.639166700000004,-120.45694440000001,55.4,93.0,90.0,6.76,US,1599977701.0
Brasilia De Minas,-16.211944,-44.430833,65.25,65.0,0.0,12.73,BR,1599977938.0
Dengzhou,32.682221999999996,112.081944,79.0,71.0,12.0,10.2,CN,1599977938.0
Ampanihy,-24.7,44.75,76.77,53.0,19.0,15.43,MG,1599977938.0
Vaini,-21.2,-175.2,69.8,73.0,75.0,17.22,TO,1599977938.0
Bria,6.5333333,21.9833333,71.6,93.0,83.0,0.47,CF,1599977939.0
Dikson,73.50694399999999,80.546389,43.84,94.0,98.0,13.27,RU,1599977939.0
Novoagansk,61.9449,76.6625,58.68,81.0,83.0,10.42,RU,1599977939.0
Victoria,-32.619888,-60.153907,89.01,69.0,95.0,7.0,SC,1599977704.0
Attawapiskat,52.916667000000004,-82.43333299999999,,,,,CA,
Sorvag,62.0666667,-7.3,,,,,FO,
Sentyabrskiy,45.266667,148.5,,,,,RU,
Avera,-22.45,-151.35,75.2,96.0,90.0,9.17,PF,1599977940.0
Shakawe,-18.3666667,21.85,64.27,30.0,0.0,4.09,BW,1599977940.0
Tanggu,39.021111,117.64694399999999,73.4,73.0,60.0,6.71,CN,1599977940.0
Nome,64.5011111,-165.4063889,50.0,81.0,40.0,6.93,US,1599977761.0
Tuktoyaktuk,69.45,-133.066667,32.0,91.0,90.0,12.75,CA,1599977941.0
Falkenberg,56.898056000000004,12.501944,57.99,76.0,99.0,14.99,SE,1599977941.0
Georgetown,43.65,-79.93333299999999,86.0,66.0,40.0,5.82,SH,1599977941.0
Talnakh,69.4865,88.3972,60.8,59.0,93.0,22.37,RU,1599977941.0
Khatanga,71.966667,102.5,60.28,57.0,43.0,7.49,RU,1599977941.0
Provideniya,64.383333,-173.3,43.77,79.0,93.0,13.67,RU,1599977942.0
Tuatapere,-46.133333,167.683333,48.0,97.0,100.0,2.21,NZ,1599977942.0
Oktyabrskoye,54.4123,62.7354,68.0,77.0,0.0,2.24,RU,1599977942.0
Atar,20.5166667,-13.05,85.05,57.0,93.0,6.67,MR,1599977942.0
Saldanha,-33.01167,17.944202,57.2,67.0,50.0,8.05,ZA,1599977943.0
Isangel,-19.55,169.2666667,75.2,69.0,90.0,16.11,VU,1599977943.0
Erenhot,43.6475,111.97666699999999,70.43,21.0,87.0,9.17,CN,1599977943.0
Qaanaaq,77.4894444,-69.3322222,23.54,84.0,92.0,8.66,GL,1599977711.0
Pevek,69.70083299999999,170.313333,43.07,84.0,0.0,2.24,RU,1599977943.0
Codrington,17.6333333,-61.8333333,56.35,75.0,3.0,16.87,AG,1599977944.0
Castro,-24.783333,-50.0,64.17,48.0,16.0,2.75,CL,1599977944.0
Illoqqortoormiut,70.4833333,-21.966666699999998,,,,,GL,
Port Blair,11.666667,92.75,86.11,71.0,97.0,12.41,IN,1599977944.0
Nouakchott,18.0863889,-15.975277800000002,80.6,61.0,90.0,4.7,MR,1599977748.0
Sao Filipe,14.9,-24.5166667,78.33,86.0,100.0,17.9,CV,1599977945.0
San Cristobal,9.878093,-75.252482,66.69,88.0,88.0,2.46,EC,1599977891.0
Vaitupu,-13.233333300000002,-176.15,,,,,WF,
Nuevo Progreso,14.8,-91.916667,73.0,67.0,77.0,4.18,MX,1599977945.0
Banjar,-7.1955,107.4313,87.8,66.0,20.0,12.75,ID,1599977945.0
Nemuro,43.323611,145.575,60.8,63.0,75.0,11.41,JP,1599977946.0
Midland,44.75,-79.9,73.4,73.0,1.0,4.7,US,1599977745.0
Assiniboia,49.616667,-105.983333,50.99,62.0,57.0,10.74,CA,1599977946.0
Havre,48.55,-109.68333329999999,53.6,93.0,41.0,2.24,US,1599977946.0
Maltahohe,-24.8333333,16.9833333,61.56,31.0,1.0,3.89,NA,1599977946.0
Cape Town,-33.925839,18.423218,57.99,82.0,40.0,17.22,ZA,1599977930.0
Bairiki,1.3166666999999999,172.9666667,86.0,66.0,20.0,6.93,KI,1599977947.0
Barentu,15.1138889,37.5927778,78.42,69.0,0.0,5.37,ER,1599977947.0
Xuddur,4.116666700000001,43.9,79.72,59.0,94.0,21.25,SO,1599977947.0
Kodiak,57.79,-152.40722219999998,48.2,70.0,1.0,6.93,US,1599977761.0
Los Llanos De Aridane,28.658507,-17.918211,71.6,73.0,40.0,6.93,ES,1599977947.0
Tawkar,18.4333333,37.7333333,,,,,SD,
Safford,32.8338889,-109.70694440000001,69.8,40.0,1.0,8.05,US,1599977948.0
Hermanus,-34.418696000000004,19.234464000000003,57.0,77.0,69.0,4.0,ZA,1599977948.0
Springbok,-29.664336,17.886495,49.68,91.0,100.0,14.85,ZA,1599977949.0
Butaritari,3.0833333,172.81666669999998,82.45,68.0,27.0,11.77,KI,1599977712.0
Tunxi,29.711389,118.3125,,,,,CN,
Ladario,-19.016667,-57.583332999999996,76.12,25.0,0.0,1.99,BR,1599977950.0
Raga,8.4666667,25.6833333,72.3,93.0,100.0,3.56,SD,1599977950.0
Bambous Virieux,-20.3427778,57.7575,77.0,69.0,75.0,12.75,MU,1599977950.0
Yumen,39.833333,97.733333,69.12,20.0,59.0,14.32,CN,1599977951.0
Sonoita,31.85,-112.83333300000001,82.44,20.0,0.0,1.88,MX,1599977951.0
Lahijan,37.207318,50.003971,78.8,74.0,40.0,4.7,IR,1599977951.0
Yeniseysk,58.449721999999994,92.170278,63.63,60.0,43.0,3.31,RU,1599977951.0
Novikovo,46.288333,143.393889,59.95,42.0,17.0,7.11,RU,1599977952.0
Mataura,-23.3666667,-149.4666667,48.0,97.0,100.0,2.26,PF,1599977952.0
Pokhara,28.233333299999998,83.9833333,84.45,63.0,21.0,4.52,NP,1599977703.0
Hobart,-42.883209,147.331665,59.0,44.0,75.0,23.04,AU,1599977920.0
Avarua,-21.207777800000002,-159.775,77.0,100.0,3.0,6.93,CK,1599977952.0
Jiuquan,39.738170000000004,98.499328,66.11,24.0,59.0,7.67,CN,1599977953.0
Katherine,-14.46517,132.263474,95.0,17.0,46.0,10.29,AU,1599977953.0
Saleaula,-13.433333300000001,-172.33333330000002,,,,,WS,
Murray Bridge,-35.119862,139.273453,61.0,73.0,0.0,1.99,AU,1599977953.0
Vostok,46.485556,135.883333,63.52,40.0,100.0,10.49,RU,1599977953.0
Panuco,24.533333,-104.333333,73.87,89.0,94.0,4.56,MX,1599977954.0
Galle,6.0536110999999995,80.2116667,81.93,79.0,99.0,14.9,LK,1599977735.0
Ambunti,-4.2333333,142.83333330000002,92.66,48.0,58.0,4.0,PG,1599977954.0
Thompson,55.75,-97.866667,37.4,93.0,75.0,3.36,CA,1599977954.0
Barbar,18.0166667,33.9833333,,,,,SD,
Kavaratti,10.566667,72.616667,82.4,83.0,90.0,5.82,IN,1599977954.0
Fare,-16.7,-151.0166667,79.27,77.0,82.0,11.45,PF,1599977955.0
Saint-Pierre,14.733333300000002,-61.1666667,77.0,65.0,20.0,19.46,PM,1599977955.0
Doctor Pedro P. Pena,-22.45,-62.35,,,,,PY,
Saint George,32.381666700000004,-64.6780556,75.2,14.0,1.0,4.61,BM,1599977955.0
Cap Malheureux,-19.9841667,57.6141667,75.99,69.0,3.0,11.01,MU,1599977955.0
Amalapuram,16.583333,82.016667,86.0,74.0,75.0,6.69,IN,1599977956.0
Ishigaki,24.344782000000002,124.15716699999999,87.8,79.0,75.0,8.05,JP,1599977956.0
Liku,-13.266666699999998,-176.1333333,84.76,68.0,100.0,4.03,WF,1599977956.0
Katsuura,35.133333,140.3,82.0,83.0,75.0,6.93,JP,1599977956.0
Bathsheba,13.2166667,-59.5166667,82.4,83.0,40.0,8.05,BB,1599977957.0
Gat,24.964722199999997,10.1727778,82.99,12.0,0.0,1.81,LY,1599977957.0
Arraial Do Cabo,-22.966667,-42.016667,71.83,85.0,4.0,28.12,BR,1599977957.0
Port Shepstone,-30.741369,30.454991999999997,73.15,42.0,0.0,12.41,ZA,1599977957.0
Tshikapa,-6.4166669999999995,20.8,78.91,50.0,1.0,1.36,CD,1599977958.0
Taurage,55.252222200000006,22.289722199999996,57.42,79.0,97.0,8.86,LT,1599977958.0
Linqiong,30.415871999999997,103.460885,71.6,83.0,40.0,4.47,CN,1599977958.0
Scarborough,54.287222,-0.414167,60.01,83.0,100.0,5.99,GB,1599977958.0
Ngawen,-7.834722,110.685556,94.73,34.0,61.0,6.35,ID,1599977959.0
Toliary,-23.35,43.6666667,,,,,MG,
Fujin,47.26,132.032222,66.87,70.0,100.0,6.91,CN,1599977959.0
Lima,-12.05,-77.05,59.0,87.0,90.0,10.29,PE,1599977921.0
Amderma,69.7576,61.6655,,,,,RU,
Moreira Sales,-24.016667,-53.05,71.62,38.0,17.0,8.01,BR,1599977959.0
Narsaq,77.3025,-68.8425,33.8,50.0,63.0,5.82,GL,1599977960.0
Prince Rupert,54.316667,-130.333333,53.6,93.0,40.0,0.09,CA,1599977763.0
Touros,-5.2,-35.466667,69.8,94.0,75.0,3.36,BR,1599977770.0
Arman,59.7,150.166667,61.23,44.0,0.0,6.35,RU,1599977960.0
Souillac,-20.5166667,57.5166667,77.0,69.0,75.0,12.75,MU,1599977960.0
Tahoua,14.890277800000002,5.2677778,78.8,83.0,0.0,4.7,NE,1599977964.0
Honiara,-9.433333300000001,159.95,89.6,66.0,20.0,5.82,SB,1599977965.0
Porbandar,21.633333,69.6,86.59,68.0,55.0,9.1,IN,1599977965.0
Uglegorsk,49.083333,142.033333,61.81,53.0,81.0,3.2,RU,1599977967.0
Soyo,-6.1349029999999996,12.368935,75.2,88.0,75.0,8.37,AO,1599977967.0
Saskylakh,71.916667,114.08333300000001,51.06,63.0,72.0,4.27,RU,1599977967.0
Hilo,19.729722199999998,-155.09,77.0,69.0,1.0,4.7,US,1599977902.0
Andros Town,24.7,-77.7666667,78.8,88.0,40.0,5.82,BS,1599977685.0
Kyra,49.5776,111.9753,58.37,78.0,97.0,5.01,RU,1599977968.0
Sokolovskoye,45.258333,40.679722,75.18,52.0,0.0,16.15,RU,1599977968.0
Port Macquarie,-31.430840000000003,152.908936,72.0,58.0,91.0,1.99,AU,1599977968.0
Rondonopolis,-16.466667,-54.63333299999999,70.81,29.0,0.0,0.87,BR,1599977969.0
Bulaevo,54.905556000000004,70.443889,65.88,51.0,100.0,5.66,KZ,1599977969.0
Cidreira,-30.183333,-50.2,63.97,93.0,100.0,16.17,BR,1599977969.0
Klaksvik,62.2333333,-6.6,42.8,87.0,97.0,6.93,FO,1599977969.0
Geraldton,-28.778971000000002,114.614594,80.6,30.0,0.0,12.75,AU,1599977970.0
Bowen,-20.01367,148.247543,75.2,64.0,40.0,21.92,AU,1599977970.0
Maumere,-8.6199,122.2111,83.52,53.0,86.0,0.45,ID,1599977970.0
Ancud,-41.869721999999996,-73.820278,43.0,96.0,76.0,14.0,CL,1599977970.0
Penzance,50.113611,-5.547778,57.2,100.0,40.0,8.05,GB,1599977970.0
Grand River South East,-20.2861111,57.775833299999995,,,,,MU,
Young,-34.313499,148.301071,55.99,88.0,10.0,1.01,AU,1599977971.0
Englehart,47.816666999999995,-79.866667,55.4,93.0,90.0,5.82,CA,1599977971.0
Saint-Ambroise,48.55,-71.31666700000001,54.0,93.0,90.0,11.41,CA,1599977971.0
Samarai,-10.616666699999998,150.66666669999998,77.45,72.0,27.0,11.07,PG,1599977971.0
Tasiilaq,65.6,-37.6333333,32.0,94.0,99.0,2.84,GL,1599977972.0
Seguela,7.961111,-6.673056,69.37,98.0,55.0,3.6,CI,1599977972.0
Silvan,38.141944,41.008055999999996,77.0,38.0,0.0,2.24,TR,1599977972.0
Oskemen,49.978889,82.61027800000001,71.6,24.0,57.0,4.47,KZ,1599977972.0
Kutum,14.2,24.6666667,76.89,59.0,51.0,4.36,SD,1599977973.0
Sataua,-13.4666667,-172.66666669999998,,,,,WS,
Leo,11.1,-2.1,72.3,98.0,39.0,5.1,BF,1599977973.0
Nenjiang,49.183333000000005,125.21666699999999,69.53,59.0,100.0,4.81,CN,1599977973.0
Tukrah,32.533333299999995,20.5666667,80.02,42.0,6.0,5.17,LY,1599977973.0
Kudahuvadhoo,2.6666667,72.9,82.81,75.0,100.0,11.48,MV,1599977974.0
Bacolod,8.116667,123.91666699999999,86.52,74.0,88.0,8.05,PH,1599977974.0
Rio Gallegos,-51.622613,-69.218127,41.0,75.0,40.0,26.4,AR,1599977974.0
Cherskiy,68.75,161.3,51.51,56.0,0.0,7.94,RU,1599977974.0
Marsh Harbour,26.55,-77.05,83.32,74.0,100.0,14.81,BS,1599977974.0
Chapais,49.783333,-74.866667,51.8,87.0,90.0,9.17,CA,1599977975.0
Wanning,18.800278,110.396667,87.26,69.0,68.0,6.2,CN,1599977894.0
Chingirlau,51.095,54.081389,60.76,53.0,5.0,9.82,KZ,1599977975.0
Carnarvon,-24.88073,113.659401,75.2,53.0,0.0,21.92,AU,1599977975.0
Madang,-5.2166667,145.8,82.67,79.0,46.0,10.56,PG,1599977975.0
Alotau,-10.3,150.41666669999998,,,,,PG,
Airai,7.3575,134.55777780000003,75.06,38.0,100.0,5.91,PW,1599977976.0
Severomorsk,69.06888599999999,33.416218,46.4,93.0,75.0,1.36,RU,1599977976.0
Nouadhibou,20.9,-17.0666667,82.4,69.0,62.0,6.93,MR,1599977976.0
Apricena,41.783333,15.45,77.0,73.0,20.0,12.75,IT,1599977976.0
Neryungri,56.6709,124.6491,71.53,38.0,37.0,10.27,RU,1599977977.0
Kambove,-10.876389,26.596944,65.86,50.0,51.0,8.93,CD,1599977977.0
Velikiy Ustyug,60.761863,46.313519,50.18,93.0,98.0,11.3,RU,1599977977.0
Abnub,27.266666700000002,31.150277799999998,80.6,42.0,0.0,9.17,EG,1599977977.0
Saint-Philippe,-21.35,55.7666667,77.0,65.0,20.0,19.46,RE,1599977978.0
Acarau,-2.8833330000000004,-40.116667,76.89,78.0,5.0,17.07,BR,1599977978.0
Srednekolymsk,67.45,153.683333,56.48,40.0,0.0,8.77,RU,1599977978.0
San Jeronimo,6.443442,-75.72814699999999,49.59,65.0,29.0,2.08,MX,1599977978.0
Radovan,44.166667,23.616667,73.0,53.0,0.0,4.7,RO,1599977978.0
Tura,47.609242,19.60279,79.0,91.0,100.0,3.76,RU,1599977884.0
Taybad,34.74,60.7756,77.16,18.0,0.0,22.08,IR,1599977979.0
Bahia Honda,22.9036111,-83.1591667,78.13,85.0,100.0,7.61,CU,1599977979.0
Malanje,-9.544722,16.345278,65.01,87.0,55.0,4.83,AO,1599977979.0
Yerbogachen,61.276667,108.010833,57.63,51.0,0.0,6.51,RU,1599977979.0
Yulara,-25.245291,130.980545,89.6,17.0,47.0,13.87,AU,1599977980.0
Port Elizabeth,13.016666699999998,-61.2333333,60.8,87.0,40.0,27.51,ZA,1599977960.0
Khromtau,50.250278,58.434722,60.4,46.0,40.0,8.34,KZ,1599977980.0
Ilulissat,69.2166667,-51.1,26.6,49.0,0.0,14.99,GL,1599977980.0
Santiago Del Estero,-27.795112,-64.261489,56.03,89.0,0.0,1.19,AR,1599977980.0
Esmeralda,21.8525,-78.11694440000001,77.0,94.0,100.0,3.36,CU,1599977981.0
Champerico,14.3,-91.916667,66.99,96.0,100.0,5.32,GT,1599977981.0
Beloha,-25.1666667,45.05,77.22,55.0,1.0,18.66,MG,1599977981.0
Tombouctou,16.7666667,-3.0166667,93.15,22.0,54.0,8.77,ML,1599977981.0
Tadine,-21.55,167.8833333,70.95,72.0,64.0,14.74,NC,1599977981.0
Mullaitivu,9.266666699999998,80.8166667,,,,,LK,
Anadyr,64.75,177.48333300000002,44.6,87.0,40.0,33.55,RU,1599977982.0
Naze,28.366667,129.48333300000002,80.6,88.0,75.0,8.05,JP,1599977982.0
Aswan,24.0875,32.898888899999996,93.09,17.0,0.0,13.8,EG,1599977982.0
Samusu,-13.9666667,-171.3666667,,,,,WS,
Mount Gambier,-37.831799,140.77919,57.2,67.0,90.0,17.22,AU,1599977983.0
Itarema,-2.9,-39.966667,77.23,77.0,5.0,17.78,BR,1599977983.0
Shiyan,32.6475,110.778056,71.01,40.0,95.0,5.21,CN,1599977983.0
Raudeberg,61.98055600000001,5.133611,52.0,85.0,98.0,29.37,NO,1599977983.0
Karratha,-20.73649,116.84638000000001,95.77,19.0,0.0,13.96,AU,1599977844.0
Lasa,29.65,91.1,57.2,93.0,5.0,3.36,CN,1599977984.0
Dakar,14.670833300000002,-17.438055600000002,78.8,94.0,40.0,2.24,SN,1599977984.0
Hambantota,6.116666700000001,81.1166667,84.2,79.0,75.0,8.05,LK,1599977984.0
Borba,-4.388889,-59.593610999999996,76.5,66.0,9.0,1.77,BR,1599977984.0
Chapada Dos Guimaraes,-15.433333,-55.75,84.2,21.0,0.0,3.36,BR,1599977984.0
Vila Velha,-20.333333,-40.283333,73.4,83.0,75.0,5.82,BR,1599977985.0
Morondava,-20.283333300000002,44.283333299999995,79.41,65.0,36.0,7.14,MG,1599977985.0
Santa Maria Do Para,-1.35,-47.566666999999995,73.15,97.0,19.0,5.19,BR,1599977985.0
Ketchikan,55.34222220000001,-131.6461111,55.4,81.0,1.0,3.36,US,1599977985.0
Fort Nelson,58.816667,-122.53333300000001,46.4,81.0,90.0,6.93,CA,1599977709.0
Moose Factory,51.25,-80.6,55.4,93.0,90.0,12.75,CA,1599977986.0
Mehamn,71.033333,27.85,47.05,74.0,97.0,4.27,NO,1599977986.0
Praya,-8.705362,116.270357,78.84,85.0,96.0,19.06,ID,1599977709.0
Kahului,20.894722199999997,-156.47,80.6,61.0,40.0,21.92,US,1599977902.0
Torbay,47.65,-52.733332999999995,53.01,93.0,20.0,8.05,CA,1599977986.0
Prachin Buri,14.049917,101.368639,93.0,100.0,98.0,4.05,TH,1599977987.0
Jacareacanga,-6.266667,-57.65,75.11,63.0,17.0,0.85,BR,1599977987.0
Chernyy Yar,48.06242,46.10911,66.76,39.0,0.0,12.01,RU,1599977987.0
Lebu,-37.616667,-73.65,45.28,80.0,11.0,8.14,CL,1599977987.0
Upernavik,72.7833333,-56.1666667,28.27,96.0,98.0,11.63,GL,1599977988.0
Iqaluit,63.733332999999995,-68.5,37.4,86.0,90.0,9.17,CA,1599977988.0
Nikolskoye,47.7624,46.4067,55.99,76.0,75.0,20.13,RU,1599977988.0
Mahwa,27.05,76.93333299999999,96.04,35.0,55.0,4.65,IN,1599977988.0
Lorengau,-2.0166667,147.2666667,83.1,80.0,98.0,10.78,PG,1599977989.0
Richards Bay,-28.775416999999997,32.054005,69.55,71.0,0.0,15.23,ZA,1599977989.0
La Ronge,55.1,-105.3,39.2,86.0,20.0,3.36,CA,1599977989.0
Zambezi,-13.55,23.1166667,68.14,38.0,5.0,10.83,ZM,1599977989.0
Grimari,5.7333333,20.05,,,,,CF,
San Pedro,-33.679127,-59.666635,93.99,63.0,40.0,3.36,AR,1599977990.0
Nioro,15.233333300000002,-9.583333300000001,73.2,96.0,27.0,4.21,ML,1599977990.0
Beringovskiy,63.05,179.316667,48.4,93.0,100.0,31.16,RU,1599977990.0
Qaqortoq,60.716666700000005,-46.033333299999995,33.8,50.0,52.0,5.82,GL,1599977990.0
Labuhan,-6.3784,105.83,90.59,47.0,85.0,7.61,ID,1599977991.0
Inhambane,-23.865,35.3833333,75.2,73.0,40.0,6.93,MZ,1599977991.0
Kaitangata,-46.275,169.85,51.01,89.0,100.0,4.25,NZ,1599977991.0
Ixtapa,16.8,-92.916667,79.0,88.0,75.0,4.7,MX,1599977992.0
Opuwo,-18.0666667,13.85,65.46,28.0,4.0,4.81,NA,1599977848.0
Mrirt,33.169833000000004,-5.567073000000001,,,,,MA,
Salalah,17.0175,54.082777799999995,84.2,70.0,75.0,5.82,OM,1599977992.0
Olafsvik,64.883333,-23.716667,43.09,76.0,100.0,18.28,IS,1599977992.0
Chibuto,-24.6866667,33.53055560000001,70.59,72.0,0.0,3.31,MZ,1599977993.0
Kostomuksha,64.686485,30.815064000000003,47.97,95.0,100.0,13.06,RU,1599977993.0
Evans,40.376388899999995,-104.6916667,77.0,1.0,28.0,8.68,US,1599977993.0
East London,-33.011051,27.910049,86.0,23.0,0.0,4.7,ZA,1599977993.0
Wahiawa,21.5027778,-158.0236111,80.6,65.0,40.0,6.33,US,1599977941.0
Fevralsk,52.466667,130.716667,,,,,RU,
Obluche,49.0,131.083333,,,,,RU,
Lekoni,-1.5833333,14.233333300000002,71.01,85.0,32.0,8.34,GA,1599977994.0
Leander,30.578611100000003,-97.8527778,75.99,78.0,1.0,5.82,US,1599977994.0
Bukachacha,52.983332999999995,116.91666699999999,64.29,58.0,100.0,5.48,RU,1599977994.0
Cabra,37.47249,-4.44206,73.99,46.0,100.0,3.36,PH,1599977995.0
Casper,42.8666667,-106.3125,53.6,54.0,1.0,5.82,US,1599977868.0
Emporia,38.4038889,-96.1813889,62.6,88.0,1.0,4.76,US,1599977995.0
Kasongo,-4.45,26.666666999999997,78.22,65.0,60.0,3.11,CD,1599977995.0
Gushikawa,26.354444,127.86861100000002,86.0,74.0,40.0,9.17,JP,1599977995.0
Xianshuigu,38.985,117.382778,73.4,73.0,57.0,6.71,CN,1599977996.0
Alepe,5.500397,-3.6630830000000003,77.0,94.0,20.0,4.7,CI,1599977996.0
Mendahara,-1.033333,103.583333,,,,,ID,
Ialibu,-6.2833333,143.9833333,63.45,94.0,91.0,2.55,PG,1599977996.0
Taoudenni,22.6666667,-3.9833333,93.67,22.0,11.0,4.36,ML,1599977996.0
Benjamin Constant,-4.374444,-70.02972199999999,73.49,95.0,6.0,0.02,BR,1599977997.0
Komsomolskiy,69.166667,172.7,75.2,27.0,0.0,4.7,RU,1599977997.0
San Patricio,19.216667,-104.7,78.4,83.0,18.0,3.36,MX,1599977997.0
Tinsukia,27.5,95.366667,77.0,100.0,90.0,8.05,IN,1599977997.0
Chunskiy,56.0815,99.6342,53.76,69.0,100.0,10.27,RU,1599977997.0
Amahai,-3.333333,128.916667,80.78,80.0,91.0,8.55,ID,1599977998.0
Nabire,-3.3666669999999996,135.48333300000002,81.64,75.0,94.0,0.4,ID,1599977998.0
Nasrullaganj,22.683332999999998,77.266667,,,,,IN,
Nizwa,22.9333333,57.533333299999995,96.17,15.0,34.0,0.96,OM,1599977998.0
Esperance,-33.86013,121.88259099999999,66.2,63.0,75.0,8.05,AU,1599977998.0
Cao Bang,22.666667,106.25,88.59,64.0,84.0,6.29,VN,1599977999.0
Angoche,-16.2325,39.9086111,76.35,74.0,97.0,10.42,MZ,1599977999.0
Faanui,-16.4833333,-151.75,78.69,78.0,70.0,10.18,PF,1599977999.0
Hopewell,37.3041667,-77.2875,64.0,91.0,0.0,4.65,US,1599977999.0
San Isidro,10.017035,-84.055565,59.0,87.0,90.0,10.29,PH,1599977830.0
Buraydah,26.325986,43.974965999999995,82.4,26.0,0.0,6.93,SA,1599977757.0
Walvis Bay,-22.9575,14.505277800000002,57.0,87.0,90.0,3.36,NA,1599978000.0
La Palma,5.3592010000000005,-74.390467,68.0,64.0,1.0,4.41,PA,1599977736.0
Frankfort,41.4958333,-87.84861109999999,56.62,47.0,0.0,8.08,ZA,1599977945.0
Leh,34.166667,77.583333,61.3,28.0,0.0,5.17,IN,1599978000.0
San Quintin,30.483333000000002,-115.95,70.56,77.0,0.0,9.91,MX,1599978001.0
Curup,-3.4666669999999997,102.533333,79.63,69.0,80.0,4.72,ID,1599978001.0
Mutsamudu,-12.1627778,44.3963889,,,,,KM,
Pshekhskaya,44.695966,39.79665,71.6,56.0,0.0,11.18,RU,1599978001.0
Batemans Bay,-35.706581,150.175415,71.01,55.0,82.0,11.95,AU,1599978002.0
Bokspits,-26.9,20.7,,,,,BW,
Dogondoutchi,13.6461111,4.028888899999999,81.64,67.0,98.0,7.58,NE,1599978002.0
Hirara,24.803788,125.302222,84.2,79.0,75.0,3.36,JP,1599978005.0
Viedma,-40.813452000000005,-62.996676,47.28,51.0,16.0,11.81,AR,1599978005.0
Demba,-5.51,22.266667,77.14,60.0,1.0,1.66,CD,1599978005.0
Roma,-26.56741,148.787506,62.6,63.0,90.0,9.17,AU,1599978005.0
Copiapo,-27.366667,-70.333333,53.6,81.0,1.0,2.24,CL,1599977781.0
Iralaya,15.0,-83.2333333,80.49,84.0,95.0,6.6,HN,1599978006.0
Lucea,18.45,-78.16666670000001,80.6,78.0,20.0,1.12,JM,1599978006.0
Longyearbyen,78.2166667,15.633333300000002,37.4,90.0,75.0,1.12,SJ,1599978006.0
Bethel,60.792222200000005,-161.7558333,53.01,93.0,1.0,2.75,US,1599977761.0
Stromness,58.95,-3.3,50.0,93.0,97.0,5.82,GB,1599978006.0
Asyut,27.1827778,31.1827778,80.6,42.0,0.0,9.17,EG,1599977759.0
Mar Del Plata,-38.002278000000004,-57.557539,46.99,86.0,0.0,18.34,AR,1599977721.0
Haapiti,-17.5666667,-149.8666667,78.8,74.0,20.0,10.29,PF,1599978007.0
Bambanglipuro,-7.95,110.28333300000001,84.15,58.0,97.0,14.34,ID,1599978007.0
Poum,-20.2333333,164.0166667,72.73,73.0,87.0,20.71,NC,1599978007.0
Lagunillas,21.033333,-104.533333,78.8,85.0,97.0,5.26,VE,1599978008.0
Abonnema,4.708438,6.793071,75.07,92.0,98.0,5.17,NG,1599978008.0
Guiberoua,6.2386870000000005,-6.171465,71.94,99.0,100.0,1.68,CI,1599978008.0
Skjervoy,70.033333,20.983333,50.27,72.0,80.0,6.58,NO,1599978009.0
Nibbar,36.294109000000006,8.766568,71.6,83.0,40.0,3.36,TN,1599978010.0
Bengkulu,-3.8,102.266667,83.84,67.0,49.0,9.26,ID,1599978010.0
Denpasar,-8.65,115.21666699999999,87.8,66.0,20.0,12.75,ID,1599978010.0
Valparaiso,-21.216667,-50.85,50.0,93.0,0.0,3.36,CL,1599978010.0
Petropavlovsk-Kamchatskiy,53.0452,158.6483,64.4,36.0,20.0,20.13,RU,1599978011.0
Meyungs,7.351944400000001,134.4544444,,,,,PW,
Asuncion,-25.266667,-57.666667000000004,82.4,54.0,20.0,5.82,PY,1599978011.0
Pekalongan,-6.8886,109.6753,86.92,58.0,77.0,6.42,ID,1599978011.0
Neuquen,-38.951606,-68.059102,50.0,37.0,28.0,12.75,AR,1599978011.0
Zenzeli,45.924067,47.047385999999996,70.7,30.0,0.0,14.29,RU,1599978012.0
Haines Junction,60.75,-137.5,38.91,74.0,76.0,2.86,CA,1599978012.0
Sorong,-0.883333,131.25,82.56,81.0,91.0,7.99,ID,1599978012.0
Hailun,47.45,126.933333,67.93,57.0,100.0,6.67,CN,1599978012.0
Altamira,-3.2,-52.2,75.15,72.0,9.0,4.05,BR,1599978012.0
Pacific Grove,36.6177778,-121.91555559999999,55.99,83.0,90.0,3.36,US,1599978013.0
Vega De Alatorre,20.033333,-96.633333,77.59,80.0,98.0,10.36,MX,1599978013.0
Rudbar,30.15,62.6,83.88,15.0,0.0,13.22,AF,1599978013.0
Coquimbo,-29.953333,-71.343611,53.17,82.0,0.0,3.67,CL,1599978014.0
Kidal,18.4411111,1.4077778,85.84,22.0,6.0,0.81,ML,1599978014.0
Tumannyy,68.884722,35.694444,,,,,RU,
Storm Lake,42.6411111,-95.2094444,51.8,100.0,90.0,5.82,US,1599978014.0
Palabuhanratu,-6.9875,106.55138899999999,,,,,ID,
Azad Shahr,37.087009,55.173973,75.94,20.0,0.0,5.99,IR,1599978015.0
Zholymbet,51.743333,71.712222,70.45,31.0,2.0,1.97,KZ,1599978015.0
Leonidovo,49.283333,142.866667,63.91,55.0,4.0,4.92,RU,1599978015.0
Boca Do Acre,-8.75,-67.383333,77.11,65.0,64.0,0.92,BR,1599978015.0
Paris,43.2,-80.383333,57.99,87.0,17.0,3.36,US,1599977361.0
Cabo San Lucas,22.883333,-109.9,81.0,90.0,11.0,3.69,MX,1599978015.0
Vrangel,42.729721999999995,133.083889,58.12,85.0,100.0,12.08,RU,1599978016.0
Paita,-22.1333333,166.3666667,61.34,86.0,17.0,10.56,PE,1599978016.0
Baykit,61.67694399999999,96.37916700000001,56.07,75.0,97.0,2.59,RU,1599978016.0
Tsihombe,-25.3,45.4833333,,,,,MG,
Porto Novo,17.033333300000002,-25.0666667,75.58,88.0,99.0,5.5,CV,1599977804.0
Ishim,56.112807,69.490148,63.41,59.0,96.0,6.35,RU,1599978017.0
Pangnirtung,66.133333,-65.75,34.5,85.0,0.0,1.1,CA,1599978017.0
Tutin,42.990278,20.331389,62.65,67.0,0.0,2.59,RS,1599978017.0
Kavieng,-2.5666667000000003,150.8,84.4,75.0,87.0,13.0,PG,1599977848.0
Hinton,53.4,-117.58333300000001,47.91,86.0,96.0,1.7,CA,1599978017.0
New Norfolk,-42.78075,147.05938700000002,57.99,60.0,77.0,3.0,AU,1599978018.0
Hervey Bay,-25.285,152.873,69.01,87.0,6.0,8.99,AU,1599978018.0
Arona,28.098519,-16.682201,73.99,88.0,40.0,2.24,ES,1599978018.0
Escanaba,45.7452778,-87.0644444,62.6,100.0,90.0,8.05,US,1599978018.0
Balikpapan,-1.283333,116.83333300000001,82.4,88.0,40.0,5.82,ID,1599978018.0
Bolshoy Uluy,56.6558,90.57799999999999,,,,,RU,
Cikupa,-6.228889,106.519444,93.2,46.0,40.0,6.93,ID,1599978019.0
Port Hedland,-20.312148999999998,118.61058799999999,100.4,17.0,0.0,14.99,AU,1599978005.0
Milingimbi,-12.10188,134.919006,,,,,AU,
Tres Arroyos,-38.373939,-60.27978100000001,46.17,68.0,0.0,11.77,AR,1599978019.0
Sao Joao Da Barra,-21.633333,-41.05,72.23,83.0,0.0,22.5,BR,1599978019.0
Lavrentiya,65.583333,-171.0,42.58,81.0,53.0,8.95,RU,1599978020.0
Moshenskoye,58.510163,34.591083000000005,54.19,90.0,97.0,14.16,RU,1599978020.0
Hamilton,-37.74334,142.02891499999998,73.0,88.0,90.0,5.82,BM,1599977731.0
Mahebourg,-20.4080556,57.7,77.0,69.0,75.0,12.75,MU,1599978020.0
Necochea,-38.547259000000004,-58.736753,46.0,77.0,0.0,8.99,AR,1599978020.0
Aden,12.779444400000001,45.036666700000005,89.92,71.0,100.0,4.16,YE,1599977928.0
Zelenoborskiy,66.845,32.362221999999996,49.35,92.0,87.0,6.69,RU,1599978021.0
Port Hardy,50.716667,-127.5,51.8,100.0,90.0,2.24,CA,1599978021.0
Leningradskiy,69.383333,178.416667,43.9,80.0,0.0,3.4,RU,1599978021.0
Kuche,41.727778,82.936389,,,,,CN,
Marfino,46.40852,48.713981,59.0,71.0,89.0,13.42,RU,1599978022.0
Syracuse,37.066666999999995,15.3,78.01,88.0,27.0,4.7,IT,1599978023.0
Shenzhen,22.533333,114.13333300000001,93.0,74.0,20.0,6.71,CN,1599977826.0
Kununurra,-15.778129999999999,128.74414099999998,96.8,25.0,40.0,8.05,AU,1599978024.0
Suihua,46.640556,126.996944,67.39,60.0,100.0,5.06,CN,1599978024.0
Ardistan,33.3761,52.3694,,,,,IR,
Sulangan,11.1373,123.7228,84.96,70.0,72.0,6.58,PH,1599978024.0
Lazaro Cardenas,17.958333,-102.2,79.34,85.0,100.0,3.02,MX,1599978024.0
Formoso Do Araguaia,-11.796667,-49.466944,,,,,BR,
Ulaangom,49.966666700000005,92.0333333,58.08,35.0,0.0,4.09,MN,1599978025.0
Peking,39.928889,116.388333,82.99,54.0,60.0,4.47,CN,1599977913.0
Qarqin,37.404464000000004,66.074375,80.65,17.0,0.0,9.55,AF,1599978025.0
Maragogi,-9.016667,-35.216667,73.06,81.0,17.0,13.18,BR,1599977849.0
Labutta,16.15,94.7666667,,,,,MM,
Soe,-9.866667,124.28333300000001,82.22,32.0,99.0,12.37,ID,1599978026.0
Grenaa,56.41285,10.895649,57.2,82.0,100.0,5.82,DK,1599978026.0
Bullhead City,35.1477778,-114.5675,82.99,14.0,0.0,5.99,US,1599978026.0
Ranong,9.965834,98.634761,89.6,66.0,75.0,1.12,TH,1599978026.0
Aripuana,-9.166667,-60.63333299999999,75.85,57.0,15.0,1.52,BR,1599978026.0
Padrauna,26.9025,83.981944,93.43,56.0,21.0,4.97,IN,1599978027.0
Bertinoro,44.146944,12.138889,70.0,88.0,0.0,8.05,IT,1599978027.0
Livingston,55.88333299999999,-3.5333330000000003,60.8,87.0,75.0,21.92,US,1599978027.0
Alofi,-19.0166667,-169.91666669999998,73.4,73.0,14.0,13.87,NU,1599978027.0
Druzhba,42.241082,47.997981,58.33,52.0,0.0,11.01,UA,1599978028.0
Markova,57.320556,107.08805600000001,65.73,69.0,8.0,1.59,RU,1599978028.0
Rancho Palos Verdes,33.7444444,-118.38611110000001,66.99,63.0,0.0,10.92,US,1599978028.0
Karamay,45.600376000000004,84.86014200000001,,,,,CN,
Tubruq,32.083611100000006,23.9763889,,,,,LY,
Mocorito,25.483333,-107.91666699999999,79.0,93.0,14.0,3.0,MX,1599978029.0
Basoko,1.233333,23.6,72.45,93.0,97.0,3.94,CD,1599978029.0
Hammerfest,70.66166700000001,23.688333,48.2,93.0,100.0,3.36,NO,1599978029.0
Sovetskiy,61.361389,63.584167,51.87,68.0,44.0,7.23,RU,1599978029.0
Ugoofaaru,5.6666667,73.0,82.18,79.0,100.0,12.59,MV,1599978029.0
Ambon,-3.6954260000000003,128.181405,86.0,70.0,40.0,8.05,ID,1599978030.0
Adeje,28.119840000000003,-16.725581,73.99,88.0,40.0,2.24,ES,1599978030.0
Jasper,52.88333299999999,-118.08333300000001,62.01,100.0,1.0,4.68,US,1599978030.0
Kuragino,53.8975,92.6725,56.44,69.0,49.0,1.54,RU,1599978030.0
Dumai,1.6833330000000002,101.45,88.05,59.0,80.0,3.91,ID,1599978031.0
Vladyslavivka,45.168284,35.376581,74.64,55.0,1.0,14.83,UA,1599978031.0
Barra Patuca,15.8,-84.2833333,78.6,87.0,96.0,4.72,HN,1599978031.0
Panorama,-21.35,-51.85,79.0,68.0,0.0,2.24,BR,1599978031.0
Coulihaut,15.483333300000002,-61.4833333,,,,,DM,
Nacala,-14.542777800000001,40.6727778,78.75,67.0,81.0,11.48,MZ,1599978032.0
Guirim,15.583332999999998,73.8,78.8,88.0,90.0,5.82,IN,1599978032.0
Zapolyarnyy,67.483333,63.75,46.4,87.0,100.0,4.7,RU,1599978033.0
Ayan,56.45,138.166667,60.15,68.0,12.0,7.45,RU,1599978035.0
College,64.8569444,-147.80277780000003,46.4,65.0,75.0,3.22,US,1599978035.0
Hattiesburg,31.326944399999995,-89.2902778,75.2,94.0,20.0,3.4,US,1599978036.0
Marcona,-15.211944400000002,-75.11027779999999,,,,,PE,
Ostrovnoy,68.05305600000001,39.513056,51.15,89.0,99.0,8.63,RU,1599978037.0
Grindavik,63.833332999999996,-22.433332999999998,44.6,65.0,100.0,12.75,IS,1599978038.0
Balkhash,46.848056,74.995,66.2,63.0,0.0,4.47,KZ,1599978038.0
Gambo,48.783333,-54.216667,72.63,89.0,100.0,0.45,CA,1599978038.0
Arrecife,28.965706,-13.551378,71.6,83.0,20.0,3.36,ES,1599978038.0
Likasi,-10.981389,26.733333000000002,66.24,49.0,54.0,7.63,CD,1599978038.0
Sistranda,63.716667,8.833333,51.8,81.0,75.0,26.4,NO,1599977876.0
Paradwip,20.316667000000002,86.616667,,,,,IN,
Ibipeba,-11.633333,-42.033333,59.18,92.0,3.0,6.08,BR,1599978039.0
Hofn,64.25,-15.216667000000001,43.68,65.0,0.0,11.16,IS,1599978040.0
Lobito,-12.319722,13.599722,69.84,84.0,2.0,2.48,AO,1599978040.0
Kachug,53.960556000000004,105.881667,49.66,90.0,98.0,3.62,RU,1599978041.0
Mecca,21.426667000000002,39.826111,103.66,12.0,0.0,7.83,SA,1599978042.0
Agirish,61.924721999999996,63.023056000000004,51.64,64.0,58.0,7.58,RU,1599978042.0
Terra Santa,-2.1,-56.483332999999995,77.49,63.0,50.0,3.47,BR,1599978043.0
Sabang,5.893333,95.321389,80.98,81.0,98.0,18.28,ID,1599977824.0
Kalemie,-5.933333,29.2,78.75,51.0,40.0,7.09,CD,1599978043.0
Akyab,20.15,92.9,87.71,69.0,79.0,7.92,MM,1599978043.0
Bolshoy Lug,52.065556,104.083889,44.6,100.0,90.0,20.13,RU,1599978043.0
Azimur,33.289518,-8.342497999999999,,,,,MA,
Wenatchee,47.4236111,-120.30916670000002,64.0,55.0,90.0,5.82,US,1599978044.0
Kerouane,9.266666699999998,-9.016666699999998,69.46,95.0,78.0,2.37,GN,1599978045.0
Morehead,-8.55,141.65,73.0,97.0,75.0,2.86,PG,1599978045.0
Enumclaw,47.20444439999999,-121.99027779999999,53.01,94.0,1.0,2.51,US,1599978046.0
Vuktyl,63.856667,57.30944399999999,48.69,86.0,97.0,9.01,RU,1599978047.0
Tobane,-21.95,27.9,65.05,58.0,0.0,12.97,BW,1599978047.0
Botshabelo,-29.123036,26.773653999999997,62.6,39.0,0.0,20.8,ZA,1599978048.0
Blama,7.873611099999999,-11.343333300000001,71.11,97.0,84.0,1.95,SL,1599978048.0
Samalaeulu,-13.4666667,-172.2666667,,,,,WS,
Svetlogorsk,66.916667,88.35,60.06,78.0,0.0,8.3,RU,1599978050.0
Cockburn Town,24.033333300000002,-74.5166667,83.26,72.0,38.0,12.12,TC,1599978050.0
Husavik,66.05,-17.35,39.2,86.0,90.0,8.05,IS,1599978050.0
Tual,-5.6666669999999995,132.75,79.34,81.0,65.0,19.37,ID,1599978051.0
Acapulco,16.85,-99.916667,80.65,82.0,100.0,4.5,MX,1599978051.0
Paracho,19.65,-102.06666700000001,,,,,MX,
Devils Lake,48.112777799999996,-98.8647222,51.8,62.0,1.0,6.93,US,1599978051.0
Kurchum,48.572222,83.654167,68.85,22.0,75.0,3.47,KZ,1599978052.0
San Policarpo,12.1791,125.5072,86.31,66.0,62.0,7.9,PH,1599978053.0
Pribelskiy,54.3842,56.4519,,,,,RU,
Verkhoyansk,67.544722,133.385,55.92,57.0,100.0,3.6,RU,1599978055.0
Jacqueville,5.205148,-4.414604,77.0,94.0,20.0,4.7,CI,1599978055.0
Cacu,-18.616667,-51.066666999999995,71.8,29.0,0.0,6.4,BR,1599978055.0
Takoradi,4.883333299999999,-1.75,74.1,94.0,92.0,5.32,GH,1599978056.0
Hurghada,27.238888899999996,33.836111100000004,87.8,45.0,0.0,13.87,EG,1599978057.0
Dinajpur,25.6333333,88.6333333,88.45,72.0,99.0,7.78,BD,1599978057.0
Bad Lippspringe,51.783333,8.816667,54.0,81.0,95.0,8.05,DE,1599978057.0
Clyde River,70.45,-68.56666700000001,35.6,85.0,90.0,1.88,CA,1599978058.0
Hay River,60.85,-115.7,42.8,93.0,90.0,12.75,CA,1599978059.0
Sept-Iles,50.2,-66.383333,46.0,93.0,40.0,4.7,CA,1599977882.0
Khovu-Aksy,51.133333,93.6,51.96,44.0,21.0,4.56,RU,1599978060.0
Oak Ridge,28.4708333,-81.4247222,73.99,100.0,40.0,2.48,US,1599978060.0
Bonavista,48.633333,-53.1,51.91,78.0,32.0,17.09,CA,1599977803.0
Campos Novos,-27.4,-51.2,63.95,86.0,77.0,5.79,BR,1599978061.0
Abu Dhabi,24.466667,54.36666700000001,95.0,24.0,0.0,6.93,AE,1599977835.0
Itumbiara,-18.416667,-49.216667,69.39,37.0,0.0,8.12,BR,1599978061.0
Auki,-8.766666699999998,160.7,84.29,69.0,7.0,2.57,SB,1599978061.0
Mandasa,18.866667,84.466667,88.45,69.0,100.0,9.89,IN,1599978062.0
Xianyang,34.33778,108.70261,82.0,57.0,85.0,8.95,CN,1599978062.0
Asau,46.433333000000005,26.4,69.01,67.0,0.0,1.88,TV,1599978065.0
Nea Ankhialos,39.283333299999995,22.8166667,75.2,47.0,20.0,5.82,GR,1599978065.0
Riyadh,24.653664000000003,46.71522,87.8,22.0,14.0,3.36,SA,1599977851.0
Margate,51.383333,1.416667,59.0,99.0,37.0,1.01,ZA,1599978065.0
Nizhneyansk,71.43333299999999,136.066667,,,,,RU,
Temaraia,-0.6666667,174.45,,,,,KI,
Port Lincoln,-34.72625,135.87442,58.78,65.0,0.0,13.76,AU,1599978066.0
Bayji,34.925,43.4875,102.81,10.0,6.0,6.29,IQ,1599978067.0
Cordoba,-31.413496000000002,-64.18105200000001,57.0,45.0,0.0,6.93,AR,1599978012.0
Simpang,-1.266667,104.083333,93.09,45.0,81.0,4.16,ID,1599978068.0
Parakou,9.35,2.6166667,71.29,98.0,100.0,5.99,BJ,1599978069.0
Aklavik,68.216667,-135.0,32.0,96.0,90.0,2.24,CA,1599978069.0
Karakendzha,39.2422222,71.5261111,,,,,TJ,
Morant Bay,17.8833333,-76.41666670000001,82.4,78.0,20.0,4.7,JM,1599978070.0
Vitim,59.451111,112.557778,53.22,71.0,98.0,12.93,RU,1599978071.0
Kochinda,21.733333,84.35,89.6,66.0,40.0,3.36,IN,1599978071.0
Anar Darreh,32.758697999999995,61.653969,,,,,AF,
Iquitos,-3.7480556000000003,-73.24722220000001,75.69,83.0,1.0,1.95,PE,1599978071.0
Athabasca,54.716667,-113.266667,45.14,73.0,83.0,1.83,CA,1599978072.0
Changde,29.046378000000004,111.678304,70.05,83.0,100.0,4.23,CN,1599978072.0
Alice Springs,-23.697479,133.883621,86.0,10.0,0.0,16.11,AU,1599977790.0
Monster,52.026383,4.173593,60.01,95.0,100.0,7.0,NL,1599978072.0
Nyurba,63.284167000000004,118.331944,53.83,69.0,98.0,5.39,RU,1599978074.0
Pavilosta,56.8833333,21.1833333,59.0,72.0,89.0,14.99,LV,1599978074.0
Cockburn Harbour,21.4833333,-71.5333333,,,,,TC,
Chiredzi,-21.05,31.6666667,68.65,67.0,3.0,5.55,ZW,1599978074.0
Namibe,-15.196110999999998,12.152222,64.27,83.0,46.0,7.78,AO,1599978075.0
Pyapon,16.283333300000002,95.6833333,89.17,67.0,93.0,9.69,MM,1599978075.0
Sechura,-5.5530555999999995,-80.8202778,61.61,83.0,19.0,9.17,PE,1599978076.0
Barcelos,-1.0,-62.966667,73.99,60.0,98.0,2.24,BR,1599977829.0
Christchurch,50.733333,-1.7666669999999998,59.0,44.0,87.0,18.34,NZ,1599977909.0
Nanakuli,21.390555600000003,-158.15472219999998,80.6,57.0,90.0,4.7,US,1599978076.0
Udachnyy,66.416667,112.4,50.0,66.0,75.0,2.24,RU,1599978076.0
San Rafael Del Sur,11.85,-86.45,77.0,94.0,20.0,7.14,NI,1599978076.0
Batagay-Alyta,67.800556,130.41138899999999,52.72,50.0,93.0,7.87,RU,1599978077.0
Mapiripan,2.889155,-72.125591,72.88,94.0,71.0,3.24,CO,1599978077.0
Mount Pleasant,43.597777799999996,-84.7675,79.0,100.0,90.0,4.7,US,1599978077.0
Santa Marta,11.240791,-74.19904,73.99,88.0,91.0,7.0,CO,1599977901.0
Aquiraz,-3.9,-38.366667,77.0,73.0,40.0,13.87,BR,1599978078.0
Knysna,-34.036643,23.049704000000002,60.8,67.0,91.0,11.41,ZA,1599978078.0
Saint Anthony,51.383333,-55.6,57.2,93.0,75.0,3.36,CA,1599978078.0
Montlucon,46.333333,2.6,54.0,92.0,0.0,3.36,FR,1599978079.0
Kaeo,-35.1,173.783333,55.99,36.0,0.0,5.99,NZ,1599978080.0
Bubaque,11.2833333,-15.833333300000001,79.34,84.0,89.0,10.0,GW,1599978080.0
Tahe,52.333333,124.733333,73.13,43.0,42.0,5.5,CN,1599978080.0
Berbera,10.435555599999999,45.016388899999995,95.43,36.0,85.0,24.47,SO,1599978081.0
Arys,42.433333000000005,68.8,77.0,22.0,0.0,4.47,KZ,1599978081.0
Maniitsoq,65.41666670000001,-52.9,34.65,76.0,0.0,9.82,GL,1599978085.0
Aktash,50.3,87.733333,48.63,45.0,0.0,2.98,RU,1599978085.0
Saint-Joseph,14.666666699999999,-61.033333299999995,77.0,65.0,20.0,19.46,RE,1599978087.0
Tambopata,-12.733333300000002,-69.1833333,72.77,86.0,12.0,1.45,PE,1599978088.0
Pendleton,45.6722222,-118.7875,66.0,31.0,90.0,9.17,US,1599978090.0
Gemena,3.25,19.766667,70.88,97.0,99.0,0.6,CD,1599978090.0
Longlac,49.783333,-86.55,,,,,CA,
Tall Kayf,36.4894444,43.1191667,93.2,24.0,1.0,4.7,IQ,1599978095.0
Egvekinot,66.31666700000001,-179.166667,44.64,67.0,98.0,11.7,RU,1599978095.0
Omaruru,-21.4333333,15.933333300000001,65.57,28.0,0.0,4.38,NA,1599978095.0
Bud,62.916667000000004,6.9166669999999995,73.4,94.0,90.0,4.7,NO,1599978096.0
Huai Yot,7.789333999999999,99.634778,82.4,74.0,40.0,8.05,TH,1599978096.0
Kanniyakumari,8.076111000000001,77.548333,84.2,69.0,100.0,20.2,IN,1599978096.0
Cosala,24.4125,-106.69083300000001,72.14,93.0,89.0,1.48,MX,1599978096.0
Tavda,58.042537,65.272583,57.07,72.0,85.0,5.41,RU,1599978097.0
Aykino,62.224807999999996,49.992218,51.6,77.0,94.0,10.71,RU,1599978097.0
Sokyryany,48.447466,27.416781,66.0,59.0,13.0,3.0,UA,1599978097.0
Santa Luzia,-7.633333,-47.2,66.2,63.0,0.0,6.93,BR,1599978097.0
Pombia,35.0166667,24.8666667,68.0,93.0,4.0,6.93,GR,1599978098.0
Camana,-16.6227778,-72.7111111,58.82,81.0,10.0,5.39,PE,1599978098.0
Lagoa,37.135349,-8.453188,71.55,75.0,7.0,9.31,PT,1599978099.0
Ulaanbaatar,47.9166667,106.91666670000001,46.4,52.0,75.0,11.18,MN,1599978099.0
Vestmannaeyjar,63.365,-20.2075,47.23,82.0,100.0,23.13,IS,1599977910.0
Port-Gentil,-0.7166667,8.7833333,77.0,88.0,90.0,15.7,GA,1599978100.0
Bestobe,52.499444,73.0975,70.16,34.0,36.0,4.23,KZ,1599978100.0
Boundiali,9.521666999999999,-6.486944,69.19,97.0,49.0,1.39,CI,1599978100.0
Atikokan,48.75,-91.616667,49.23,97.0,84.0,5.08,CA,1599978100.0
Kafanchan,9.583333,8.3,64.4,100.0,40.0,4.7,NG,1599978176.0
Rockland,45.533333,-75.283333,55.99,92.0,3.0,3.11,US,1599978005.0
Brownsville,35.593888899999996,-89.26222220000001,78.01,88.0,1.0,4.83,US,1599978176.0
Vila Franca Do Campo,37.716667,-25.433332999999998,68.0,82.0,20.0,5.82,PT,1599978176.0
Olinda,-8.016667,-34.85,78.8,65.0,75.0,16.11,BR,1599978176.0
Naliya,23.266667,68.833333,89.19,61.0,63.0,6.2,IN,1599978177.0
Ukiah,39.1502778,-123.20666670000001,64.4,55.0,1.0,2.06,US,1599978159.0
Hobyo,5.3513889,48.525555600000004,83.41,65.0,100.0,22.59,SO,1599978177.0
Pisco,-13.7,-76.2166667,60.01,87.0,51.0,4.7,PE,1599978177.0
Viransehir,37.235278,39.763056,96.04,12.0,15.0,6.26,TR,1599978177.0
Whitehorse,60.716667,-135.05,39.2,69.0,75.0,3.36,CA,1599978178.0
Opunake,-39.455556,173.85833300000002,52.0,83.0,90.0,11.01,NZ,1599978178.0
Waingapu,-9.6567,120.2641,87.3,37.0,97.0,18.59,ID,1599978178.0
Bargal,11.2833333,51.0833333,,,,,SO,
Daru,-9.083333300000001,143.2,77.47,72.0,76.0,13.67,PG,1599978178.0
Balkanabat,39.5119444,54.365,85.8,16.0,0.0,2.48,TM,1599978179.0
Seoul,37.5985,126.9783,78.8,50.0,90.0,3.36,KR,1599978037.0
Veraval,20.9,70.366667,84.04,78.0,37.0,11.74,IN,1599978179.0
Flin Flon,54.766667000000005,-101.883333,40.28,92.0,87.0,7.2,CA,1599978179.0
Tessalit,20.2013889,1.0088889,87.57,16.0,0.0,4.79,ML,1599978179.0
Mount Vernon,38.316,-88.9106,64.4,72.0,40.0,4.7,US,1599978154.0
Hoopstad,-27.832734999999996,25.908326000000002,60.03,47.0,1.0,16.28,ZA,1599978180.0
New Castle,39.661944399999996,-75.5666667,69.01,82.0,90.0,5.82,US,1599978180.0
Rupert,42.6191667,-113.67638889999999,53.6,50.0,90.0,3.36,US,1599978180.0
Plettenberg Bay,-34.052741999999995,23.3716,60.84,77.0,84.0,7.47,ZA,1599978180.0
Coihaique,-45.566666999999995,-72.06666700000001,35.6,87.0,75.0,6.93,CL,1599978181.0
Nhulunbuy,-12.18652,136.78201299999998,82.4,58.0,75.0,16.11,AU,1599978181.0
Juifang,25.109722199999997,121.80416670000001,,,,,TW,
Moron,22.109444399999997,-78.6275,55.99,81.0,46.0,4.7,MN,1599978181.0
The Valley,18.216666699999998,-63.05,81.0,83.0,20.0,2.24,AI,1599978181.0
Seydi,39.4166667,62.9,80.58,16.0,0.0,11.05,TM,1599978182.0
Dzhebariki-Khaya,62.216667,135.8,62.89,47.0,98.0,1.52,RU,1599978182.0
Sinkat,18.8372222,36.8327778,,,,,SD,
Makakilo City,21.346944399999998,-158.08583330000002,80.6,61.0,75.0,3.36,US,1599978182.0
Adjumani,3.3613888999999997,31.8097222,72.99,86.0,30.0,1.23,UG,1599978182.0
Sola,-13.883333300000002,167.55,78.8,94.0,90.0,5.82,VU,1599978183.0
Coihueco,-36.616667,-71.833333,42.8,100.0,62.0,9.17,CL,1599978183.0
Moree,-29.46278,149.841568,77.0,27.0,93.0,5.82,AU,1599978183.0
Idar-Oberstein,49.7,7.3,55.4,76.0,16.0,4.7,DE,1599978183.0
Nyagan,62.140556000000004,65.39361099999999,50.7,82.0,35.0,6.51,RU,1599978184.0
Chahal,15.75,-89.56666700000001,72.21,94.0,100.0,2.77,GT,1599978184.0
Akdepe,42.05,59.4,80.6,24.0,22.0,4.7,TM,1599978184.0
Imbituba,-28.233333000000002,-48.666667,68.0,88.0,75.0,3.36,BR,1599977900.0
Zhanatas,43.566666999999995,69.75,,,,,KZ,
Cazaje,-11.067147,20.701483,,,,,AO,
Gold Coast,-28.000290000000003,153.430878,72.0,56.0,75.0,10.29,AU,1599978185.0
Ahipara,-35.166667,173.166667,53.46,70.0,0.0,7.67,NZ,1599978185.0
Zhanaozen,43.3,52.8,77.76,21.0,0.0,2.62,KZ,1599978185.0
Orlik,52.5178,99.825,45.25,58.0,99.0,10.16,RU,1599978072.0
Khani,57.033333,120.96666699999999,80.6,69.0,0.0,3.36,RU,1599978185.0
Mercedes,-34.651455,-59.430676,48.99,53.0,18.0,4.54,AR,1599978186.0
Skalistyy,69.255064,33.336161,,,,,RU,
Puerto Penasco,31.316667,-113.53333300000001,75.0,64.0,0.0,3.0,MX,1599978186.0
Crotone,39.083333,17.133333,73.4,73.0,37.0,5.82,IT,1599978186.0
Pitimbu,-7.466667,-34.8,71.6,94.0,40.0,6.93,BR,1599978188.0
Vestmanna,62.15,-7.1666667,44.6,87.0,97.0,3.36,FO,1599978188.0
Santa Cruz,-6.216667,-36.016667,75.2,83.0,6.0,5.82,CR,1599978188.0
Kampene,-3.6,26.666666999999997,75.15,79.0,27.0,2.08,CD,1599978188.0
Buta,2.8,24.733333,69.48,98.0,100.0,1.74,CD,1599978189.0
Silistea,45.3,27.85,73.0,60.0,0.0,1.12,RO,1599978189.0
Benguela,-12.578333,13.407222,69.82,82.0,1.0,1.63,AO,1599978189.0
Obo,5.4,26.5,71.02,94.0,91.0,3.22,CF,1599978189.0
Wajima,37.4,136.9,73.4,83.0,75.0,11.41,JP,1599978189.0
Louisbourg,45.916667,-59.983332999999995,,,,,CA,
Kalmunai,7.4166667,81.8166667,89.58,54.0,98.0,0.4,LK,1599978190.0
Itaituba,-4.216667,-56.016667000000005,77.76,58.0,26.0,1.72,BR,1599978190.0
Luwuk,-0.9516,122.7875,80.96,77.0,93.0,8.05,ID,1599978190.0
Tezu,27.916666999999997,96.166667,77.76,83.0,98.0,2.53,IN,1599978190.0
Chaiyaphum,15.81047,102.028812,91.9,51.0,95.0,4.94,TH,1599978191.0
Luena,-11.783333,19.916667,65.35,28.0,14.0,5.97,AO,1599978191.0
Hami,42.8,93.45,75.65,16.0,61.0,5.35,CN,1599978191.0
Verkhnyaya Inta,66.083333,60.516667000000005,51.1,75.0,73.0,13.38,RU,1599978191.0
Kambia,9.116666699999998,-12.916666699999999,72.61,95.0,81.0,2.82,SL,1599978192.0
Aitape,-3.1333333,142.35,85.89,69.0,69.0,10.78,PG,1599978192.0
Pacifica,37.6138889,-122.48583329999998,61.0,87.0,90.0,14.99,US,1599978092.0
Ulm,48.4,10.0,55.99,96.0,7.0,1.23,DE,1599978192.0
Fortuna,-5.683333,-44.066666999999995,53.01,94.0,3.0,3.02,US,1599978192.0
Saint-Georges,46.116667,-70.666667,82.4,88.0,20.0,6.93,GF,1599978051.0
Pedernales,18.033333300000002,-71.75,79.86,69.0,48.0,2.42,EC,1599978193.0
Broome,-17.955379,122.23921999999999,59.0,76.0,1.0,8.05,AU,1599978193.0
Grootfontein,-19.5666667,18.1166667,62.31,29.0,0.0,2.8,NA,1599978193.0
Senno,54.8041667,29.704444399999996,54.05,88.0,100.0,13.76,BY,1599978195.0
Calama,-22.466667,-68.93333299999999,46.4,26.0,0.0,17.22,CL,1599978196.0
Dali,25.7,100.18333299999999,66.72,82.0,100.0,3.42,CN,1599978196.0
Kirakira,-10.45,161.91666669999998,83.01,74.0,8.0,7.78,SB,1599978196.0
Khudumelapye,-23.8833333,24.75,59.92,59.0,0.0,12.06,BW,1599978196.0
Balezino,57.979634,53.010569999999994,54.68,72.0,9.0,10.22,RU,1599978196.0
Juneau,58.301944400000004,-134.4197222,52.0,81.0,20.0,5.68,US,1599978197.0
Piranshahr,36.701,45.1413,78.46,25.0,1.0,6.91,IR,1599978197.0
Thinadhoo,0.5333333,72.9333333,83.01,70.0,100.0,8.21,MV,1599978197.0
Keene,42.9336111,-72.27861109999999,46.99,93.0,1.0,3.11,US,1599978197.0
Balagansk,53.7188,103.3281,48.52,85.0,100.0,12.75,RU,1599978198.0
Palu,-0.8917,119.8707,84.45,71.0,100.0,3.67,ID,1599978198.0
Zhezkazgan,47.783333,67.766667,75.2,14.0,56.0,4.47,KZ,1599978198.0
San Jose,-17.85,-60.75,68.0,82.0,0.0,1.83,GT,1599978120.0
Stonewall,50.133333,-97.31666700000001,51.8,76.0,90.0,10.29,CA,1599978200.0
Pilos,36.91,21.6986111,,,,,GR,
Tamale,9.4,-0.8333333,73.47,98.0,95.0,5.84,GH,1599978201.0
Chardara,41.254721999999994,67.969167,75.85,31.0,0.0,5.35,KZ,1599978201.0
Asfi,32.299392,-9.237181,68.63,86.0,99.0,5.17,MA,1599978201.0
Harper,4.375,-7.7169444,75.56,91.0,94.0,8.7,LR,1599978201.0
Kamenskoye,62.5,166.2,,,,,RU,
Aksarka,66.560556,67.7975,48.96,86.0,100.0,8.28,RU,1599978202.0
Marabba,12.35,32.1833333,80.92,66.0,63.0,3.98,SD,1599978202.0
Omboue,-1.5666666999999999,9.25,75.06,84.0,75.0,9.1,GA,1599978202.0
Byron Bay,-28.64201,153.61193799999998,70.0,68.0,90.0,10.29,AU,1599978203.0
Matara,5.9486111,80.5427778,82.49,78.0,100.0,13.67,LK,1599978203.0
Dicabisagan,17.081839000000002,122.41574299999999,88.34,65.0,31.0,5.84,PH,1599978203.0
Pervomayskoye,53.721111,84.018333,76.55,54.0,0.0,6.46,RU,1599978203.0
Mana,5.6666667,-53.783333299999995,78.31,86.0,30.0,10.2,GF,1599978205.0
Camargo,-20.65,-65.2166667,69.46,75.0,100.0,2.3,BO,1599978206.0
Kumhari,21.266667,81.516667,89.35,62.0,99.0,7.02,IN,1599978206.0
Nadvoitsy,63.86666700000001,34.316666999999995,53.06,91.0,100.0,19.04,RU,1599978206.0
Kawalu,-7.3817,108.2082,77.92,74.0,96.0,5.59,ID,1599978206.0
Bima,-8.466667,118.71666699999999,94.28,26.0,92.0,7.34,ID,1599978207.0
North Bend,43.4066667,-124.22305559999998,53.01,100.0,90.0,3.36,US,1599978207.0
Crab Hill,13.316666699999999,-59.6333333,,,,,BB,
Saint-Leu,-21.15,55.283333299999995,77.0,65.0,20.0,19.46,RE,1599978207.0
Meulaboh,4.1363,96.1285,83.86,72.0,60.0,6.69,ID,1599978207.0
Natal,-5.783333,-35.216667,71.6,88.0,40.0,5.82,BR,1599978044.0
Derzhavinsk,51.1,66.31666700000001,71.11,29.0,100.0,14.0,KZ,1599978208.0
Kasama,36.383333,140.26666699999998,68.45,51.0,17.0,11.3,ZM,1599978208.0
Severnyy,50.677040000000005,36.553243,59.0,47.0,9.0,4.47,RU,1599978208.0
Sibolga,1.7427,98.7792,85.28,60.0,96.0,5.44,ID,1599978209.0
Kedrovyy,57.519721999999994,79.515556,60.8,51.0,46.0,2.24,RU,1599978209.0
Ornskoldsvik,63.3,18.716667,44.6,93.0,68.0,5.82,SE,1599978209.0
Letlhakeng,-24.0666667,25.033333300000002,61.16,57.0,0.0,12.12,BW,1599978210.0
Boysun,38.2061111,67.1986111,75.79,19.0,0.0,7.63,UZ,1599978210.0
Roebourne,-20.772289,117.146477,94.71,20.0,0.0,11.45,AU,1599978210.0
Bouna,9.269264999999999,-2.995098,70.45,97.0,62.0,4.27,CI,1599978210.0
Ayagoz,47.971389,80.439167,70.25,28.0,96.0,11.54,KZ,1599978211.0
Yar-Sale,66.833333,70.833333,51.13,92.0,100.0,8.75,RU,1599978213.0
Trabzon,41.005,39.726944,80.6,69.0,75.0,2.24,TR,1599978085.0
Tuy Hoa,13.083333,109.3,89.08,62.0,11.0,8.52,VN,1599978213.0
Chaoyang,41.570278,120.458611,74.62,53.0,50.0,6.96,CN,1599978213.0
Teya,60.377778,92.626667,63.55,56.0,65.0,1.14,RU,1599978213.0
Nanortalik,60.1166667,-45.216666700000005,37.8,74.0,51.0,1.54,GL,1599978214.0
Thai Nguyen,21.592778,105.844167,91.4,63.0,40.0,4.7,VN,1599978214.0
Corinto,-18.35,-44.45,78.8,54.0,20.0,10.29,NI,1599978214.0
Arlit,18.7325,7.3680556,90.77,16.0,41.0,3.0,NE,1599978214.0
Simao,22.788626999999998,100.974807,80.49,61.0,100.0,3.24,CN,1599978215.0
Ostrow Wielkopolski,51.649762,17.808934,60.17,79.0,92.0,6.76,PL,1599978215.0
Tabou,4.42295,-7.3528,75.2,93.0,98.0,8.03,CI,1599978215.0
Rudsar,37.137612,50.288001,80.6,78.0,75.0,4.7,IR,1599978215.0
Dingle,52.1408333,-10.2688889,88.7,69.0,71.0,5.91,IE,1599978216.0
Kuloy,61.030485999999996,42.492519,51.6,90.0,100.0,12.55,RU,1599978216.0
Zaragoza,7.489707000000001,-74.869189,60.8,72.0,0.0,1.12,ES,1599978217.0
Surt,31.206111100000005,16.5947222,80.33,70.0,0.0,18.63,LY,1599978220.0
Ust-Kulom,61.686358999999996,53.690205000000006,51.75,74.0,75.0,7.18,RU,1599978221.0
Ikom,5.961,8.7107,72.81,97.0,100.0,0.34,NG,1599978221.0
Taonan,45.333333,122.78333300000001,66.4,74.0,97.0,6.91,CN,1599978221.0
Sinnamary,5.383333299999999,-52.95,78.04,86.0,21.0,9.84,GF,1599978221.0
Faya,17.9166667,19.1166667,80.6,12.0,20.0,5.1,TD,1599978222.0
Sipovo,44.281388899999996,17.083888899999998,55.99,74.0,0.0,14.0,BA,1599978222.0
Hargeysa,9.583333300000001,44.0666667,76.66,48.0,68.0,28.52,SO,1599977936.0
Gazojak,41.1833333,61.4,79.84,16.0,0.0,5.75,TM,1599978222.0
Olaine,56.785277799999996,23.938055600000002,57.2,82.0,98.0,10.29,LV,1599978222.0
Lugovoy,59.733332999999995,65.833333,74.28,23.0,0.0,6.62,RU,1599978223.0
Zhangye,38.934166999999995,100.451667,70.57,24.0,38.0,6.46,CN,1599978223.0
Taua,-5.966667,-40.3,70.25,64.0,19.0,13.33,BR,1599978223.0
Razdolnoye,43.55,131.916667,55.4,87.0,75.0,13.42,RU,1599978223.0
Shubarshi,48.587222,57.186944,67.3,40.0,67.0,8.48,KZ,1599978223.0
Vardo,70.366667,31.1,49.06,77.0,97.0,4.41,NO,1599978224.0
Changji,44.016667,87.31666700000001,69.8,16.0,100.0,6.71,CN,1599978224.0
Kroya,-7.483889,108.92361100000001,81.57,68.0,100.0,10.98,ID,1599978224.0
Bam,29.105999999999998,58.357,84.4,13.0,0.0,14.7,IR,1599978224.0
Mnogovershinnyy,53.935278000000004,139.92416699999998,64.87,55.0,5.0,0.54,RU,1599978225.0
Grande Prairie,55.166667000000004,-118.8,42.8,87.0,40.0,6.93,CA,1599978010.0
Anzio,41.45,12.616667,73.99,69.0,0.0,1.99,IT,1599978225.0
Yagodnoye,62.55,149.666667,55.11,40.0,0.0,8.79,RU,1599978225.0
Asilah,35.465016999999996,-6.0348,75.2,73.0,100.0,16.11,MA,1599978225.0
Royan,45.628461,-1.0281,61.0,76.0,0.0,3.36,FR,1599978226.0
Banamba,13.55,-7.45,74.89,90.0,76.0,5.82,ML,1599978226.0
Timaru,-44.4,171.25,62.01,27.0,100.0,7.0,NZ,1599978226.0
Sibiti,-3.6858333,13.3458333,68.13,89.0,22.0,4.54,CG,1599978226.0
Sisimiut,66.9333333,-53.6833333,34.68,84.0,12.0,2.93,GL,1599978227.0
Aktau,43.65,51.2,78.8,41.0,0.0,8.95,KZ,1599978227.0
Tautira,-17.7333333,-149.15,78.8,74.0,20.0,8.05,PF,1599978227.0
Severo-Yeniseyskiy,60.3725,93.04083299999999,58.77,64.0,80.0,1.48,RU,1599978072.0
Rio Branco,-9.966667,-67.8,75.2,94.0,80.0,2.24,BR,1599978112.0
Wilmington,39.7458333,-75.5469444,72.0,78.0,20.0,8.05,US,1599978032.0
Burica,8.0333333,-82.8666667,,,,,PA,
Revda,67.937101,34.561494,53.6,71.0,40.0,8.95,RU,1599978228.0
Bucerias,20.75,-105.33333300000001,79.0,94.0,86.0,3.24,MX,1599978228.0
Tarakan,3.3,117.63333300000001,84.85,64.0,100.0,4.29,ID,1599978228.0
Muisne,0.6080555999999999,-80.0441667,73.45,88.0,97.0,8.66,EC,1599978228.0
Port Augusta,-32.495971999999995,137.77281200000002,68.0,51.0,20.0,17.22,AU,1599978229.0
Coos Bay,43.3666667,-124.21666670000002,53.01,100.0,90.0,3.36,US,1599978206.0
Mys Shmidta,68.93333299999999,-179.5,,,,,RU,
Boende,-0.216667,20.866667,73.11,91.0,92.0,1.23,CD,1599978229.0
Guerrero Negro,27.976944,-114.06111100000001,74.82,60.0,0.0,11.01,MX,1599978229.0
Stupino,54.900833,38.070833,57.2,58.0,87.0,13.42,RU,1599978229.0
Ladson,32.985555600000005,-80.11,77.0,94.0,40.0,6.93,US,1599978052.0
Jombang,-7.55,112.233333,95.61,35.0,99.0,12.86,ID,1599978230.0
Rudnichnyy,56.0837,86.2517,52.7,76.0,43.0,8.72,RU,1599978230.0
Darhan,46.6166667,109.41666670000001,52.57,54.0,100.0,6.6,MN,1599978230.0
Victor Harbor,-35.550419,138.62153600000002,59.0,71.0,0.0,4.0,AU,1599978231.0
Mogwase,-25.185052,27.266543,59.61,57.0,0.0,4.36,ZA,1599978231.0
West Fargo,46.8766667,-96.87222220000001,55.4,100.0,1.0,5.82,US,1599978231.0
Palmer,61.59972220000001,-149.1127778,51.01,100.0,1.0,2.44,US,1599978234.0
Bryan,30.6741667,-96.36972220000001,80.6,83.0,1.0,3.36,US,1599978074.0
Te Anau,-45.416667,167.716667,48.15,92.0,100.0,5.75,NZ,1599978234.0
Denizli,37.774167,29.0875,66.2,77.0,0.0,2.86,TR,1599978234.0
Santa Isabel,-23.3158,-46.2241,64.4,82.0,74.0,1.23,US,1599978235.0
Weligama,5.9666667,80.41666670000001,82.0,80.0,100.0,13.67,LK,1599978235.0
Exaplatanos,40.9772222,22.125,75.99,53.0,0.0,2.89,GR,1599978236.0
Hovd,44.6666667,102.16666670000001,53.73,36.0,0.0,5.46,MN,1599978236.0
Karauzyak,43.0275,60.0125,,,,,UZ,
San Andres,6.903333,-75.6825,80.6,88.0,75.0,2.24,CO,1599978122.0
Pergamino,-33.889949,-60.573568,52.0,76.0,33.0,4.63,AR,1599978236.0
Babanusah,11.333333300000001,27.8,,,,,SD,
Buenavista,9.049634,-76.002799,85.86,71.0,62.0,5.3,PH,1599978237.0
Yaan,29.989788,103.003694,71.51,100.0,100.0,5.77,CN,1599978237.0
Zwedru,6.0666667,-8.1280556,70.41,98.0,91.0,1.63,LR,1599978237.0
Manokwari,-0.866667,134.083333,84.7,74.0,97.0,8.41,ID,1599978238.0
Cruz,-2.95,-40.183333000000005,76.23,79.0,6.0,15.03,BR,1599978238.0
Kruisfontein,-34.003333000000005,24.731417,64.99,70.0,79.0,8.01,ZA,1599978238.0
Kualakapuas,-3.1,114.35,89.6,55.0,75.0,6.93,ID,1599978238.0
Rafaela,-31.250332,-61.486695999999995,57.99,62.0,2.0,4.85,AR,1599978238.0
Georgiyevka,43.036944,74.711389,73.4,27.0,0.0,4.47,KZ,1599978239.0
Teluknaga,-6.065,106.644167,93.2,46.0,75.0,5.82,ID,1599978239.0
Mumford,5.2666667,-0.75,73.99,94.0,99.0,5.97,GH,1599978239.0
Ust-Kuyga,70.016667,135.6,55.63,45.0,100.0,5.14,RU,1599978239.0
Keffi,8.848611,7.873611,71.6,83.0,40.0,1.12,NG,1599978240.0
Smolenka,52.135234000000004,113.497398,55.4,87.0,75.0,13.42,RU,1599978240.0
Lufilufi,-13.85,-171.58333330000002,80.01,94.0,75.0,4.7,WS,1599978240.0
Galveston,29.301111100000004,-94.7975,82.4,78.0,75.0,12.75,US,1599978224.0
Nelson Bay,-32.720428000000005,152.143982,73.4,35.0,100.0,9.17,AU,1599978001.0
Kupang,-10.166667,123.58333300000001,93.2,26.0,20.0,24.16,ID,1599978241.0
Oktyabrskiy,61.09146,43.167665,56.79,67.0,14.0,3.67,RU,1599978241.0
Roald,62.583332999999996,6.133333,52.0,81.0,75.0,25.28,NO,1599978241.0
Havelock,44.433333000000005,-77.883333,73.99,83.0,1.0,6.93,US,1599978241.0
Bilibino,68.05,166.333333,49.26,52.0,62.0,3.53,RU,1599978241.0
Camabatela,-8.18812,15.37495,64.0,83.0,94.0,5.73,AO,1599978242.0
Weihai,37.501667,122.113611,79.0,70.0,0.0,5.88,CN,1599978242.0
Mugur-Aksy,50.35,90.5,46.06,46.0,0.0,1.32,RU,1599978073.0
Itarantim,-15.65,-40.05,63.73,97.0,31.0,2.13,BR,1599978242.0
Puerto Suarez,-18.95,-57.8,76.91,27.0,0.0,2.8,BO,1599978242.0
Payo,13.9076,124.3003,97.97,35.0,91.0,2.86,PH,1599978243.0
Vitorino Freire,-4.066667,-45.166667,71.71,96.0,9.0,3.91,BR,1599978243.0
Ahuimanu,21.444722199999998,-157.83777780000003,80.6,65.0,90.0,4.7,US,1599978243.0
Lapeer,43.0513889,-83.3188889,68.0,100.0,90.0,3.36,US,1599978169.0
Ihosy,-22.4,46.1166667,68.92,63.0,73.0,12.93,MG,1599978243.0
Mayumba,-3.4166667,10.65,74.35,86.0,26.0,6.78,GA,1599978244.0
Mayo,63.6,-135.916667,69.01,88.0,1.0,4.7,CA,1599978244.0
Caohai,26.85,104.233333,57.49,97.0,100.0,3.94,CN,1599978244.0
Kamenka,65.887591,44.112612,60.69,48.0,0.0,6.31,RU,1599978244.0
Searcy,35.250555600000006,-91.73611109999999,73.99,100.0,1.0,3.09,US,1599978245.0
Mazagao,-0.116667,-51.283333,77.0,100.0,91.0,4.7,BR,1599978245.0
Xico,19.266667,-98.93333299999999,60.8,72.0,40.0,5.82,MX,1599978245.0
Khash,28.221071999999996,61.215818999999996,81.12,14.0,0.0,5.3,IR,1599978245.0
Hakkari,37.574444,43.740833,68.0,34.0,20.0,1.12,TR,1599978246.0
Tazovskiy,67.466667,78.7,57.07,68.0,82.0,20.02,RU,1599978246.0
Rungata,-1.35,176.43333330000002,,,,,KI,
Cravo Norte,6.301735,-70.204154,76.28,83.0,96.0,3.02,CO,1599978246.0
Lalupon,7.45,4.066667,69.8,94.0,75.0,9.17,NG,1599978246.0
Ternate,0.8,127.4,75.96,94.0,100.0,3.89,ID,1599978247.0
Road Town,18.4166667,-64.6166667,80.01,90.0,7.0,9.69,VG,1599978247.0
Westport,53.8,-9.516666699999998,66.2,68.0,75.0,6.93,NZ,1599978247.0
Hualmay,-11.0902778,-77.6294444,59.29,85.0,31.0,5.97,PE,1599978247.0
Mubi,10.267607,13.26436,71.13,88.0,96.0,6.96,NG,1599978247.0
Warqla,31.9575,5.3277778,,,,,DZ,
Grand Baie,-20.013611100000002,57.5738889,75.99,69.0,2.0,10.0,MU,1599978248.0
Takaka,-40.85,172.8,52.0,83.0,100.0,7.0,NZ,1599978248.0
Moranbah,-21.998279999999998,148.034836,74.59,50.0,96.0,13.24,AU,1599978248.0
Yefimovskiy,59.496389,34.672222,,,,,RU,
Ponto Novo,-10.866667,-40.133333,64.83,94.0,20.0,6.2,BR,1599978249.0
Kabugao,18.021667,121.18416699999999,89.96,66.0,93.0,3.62,PH,1599978249.0
Yanam,16.733333,82.216667,84.2,83.0,75.0,5.82,IN,1599978249.0
Alexandria,-6.4166669999999995,-38.016667,75.2,88.0,40.0,3.36,EG,1599978249.0
Luanda,-8.836803999999999,13.233173999999998,71.6,83.0,75.0,8.3,AO,1599977996.0
Taltal,-25.4,-70.483333,54.0,80.0,31.0,1.7,CL,1599978250.0
Ankang,32.68,109.017222,71.91,72.0,100.0,1.92,CN,1599978250.0
Evensk,61.95,159.23333300000002,53.87,48.0,54.0,18.79,RU,1599978250.0
Kapoeta,4.7716667,33.5902778,81.52,53.0,95.0,9.06,SD,1599978250.0
Ambanja,-13.683333300000001,48.45,84.2,55.0,40.0,4.7,MG,1599978251.0
Saravan,15.716667000000001,106.41666699999999,78.8,39.0,20.0,13.87,LA,1599978251.0
Tlalpujahua,19.8,-100.166667,,,,,MX,
Namatanai,-3.6666667,152.43333330000002,82.99,78.0,93.0,10.76,PG,1599978251.0
Nuuk,64.1833333,-51.75,35.6,59.0,0.0,8.05,GL,1599978252.0
Acara,-1.95,-48.183333000000005,72.79,98.0,78.0,2.59,BR,1599978252.0
Kerki,37.834444399999995,65.2097222,,,,,TM,
Camocim,-2.89,-40.846111,75.81,83.0,21.0,15.46,BR,1599978255.0
Vieques,18.1494444,-65.4452778,80.6,83.0,20.0,3.36,US,1599978255.0
Caucaia,-3.7,-38.65,77.0,73.0,40.0,13.87,BR,1599978255.0
Mochudi,-24.4166667,26.15,62.6,45.0,0.0,5.82,BW,1599978256.0
Butembo,0.15,29.283333000000002,62.01,91.0,99.0,1.14,CD,1599978256.0
Abaete,-19.15,-45.45,66.54,56.0,0.0,4.18,BR,1599978256.0
Jadu,31.95,12.016666699999998,67.68,92.0,2.0,5.66,LY,1599978256.0
Plaster Rock,46.9,-67.383333,53.6,66.0,1.0,5.82,CA,1599978256.0
Kenai,60.5544444,-151.2583333,44.6,81.0,1.0,0.78,US,1599978257.0
Basco,20.448649,121.97017199999999,85.41,77.0,55.0,12.62,PH,1599978257.0
Tena,4.660006,-74.392584,66.42,83.0,45.0,4.0,CO,1599978257.0
Pochutla,15.733332999999998,-96.466667,75.99,88.0,96.0,4.29,MX,1599978257.0
Portland,-38.352612,141.605743,55.4,87.0,90.0,1.41,AU,1599977487.0
Cayenne,4.9333333,-52.3333333,75.2,100.0,90.0,9.04,GF,1599978258.0
Gairo,-6.15,36.8666667,71.6,56.0,40.0,13.87,TZ,1599978258.0
Srandakan,-7.938611,110.250556,83.93,59.0,97.0,14.12,ID,1599978258.0
Wau,-7.3333333,146.7166667,75.06,89.0,99.0,2.73,PG,1599978258.0
Talakan,50.316666999999995,130.366667,73.45,55.0,100.0,2.33,RU,1599978258.0
Shahr-E Babak,30.1165,55.1186,77.02,16.0,0.0,18.86,IR,1599978259.0
Turinsk,58.045751,63.696051000000004,54.59,74.0,80.0,6.93,RU,1599978259.0
Bandundu,-3.316667,17.366667,76.75,74.0,42.0,4.56,CD,1599978260.0
Cam Ranh,11.9,109.15,93.2,63.0,20.0,12.75,VN,1599978260.0
Brae,60.38333299999999,-1.35,50.0,93.0,39.0,2.24,GB,1599978260.0
Sol-Iletsk,51.163103,54.991756,59.97,55.0,0.0,11.39,RU,1599978260.0
Dolbeau,48.866667,-72.233333,,,,,CA,
Mukhanovo,56.5,38.316666999999995,,,,,RU,
Matay,28.4222222,30.755555600000005,82.17,47.0,0.0,10.49,EG,1599978261.0
Manoel Urbano,-8.883333,-69.3,76.01,68.0,6.0,1.72,BR,1599978261.0
Vicuna,-30.031944,-70.708056,45.0,69.0,0.0,0.83,CL,1599978261.0
Alikovo,55.73826700000001,46.754928,57.2,67.0,32.0,13.42,RU,1599978262.0
Hokitika,-42.716667,170.966667,53.71,84.0,98.0,14.7,NZ,1599978262.0
Itupiranga,-5.15,-49.333333,74.35,71.0,43.0,0.69,BR,1599978262.0
Dubbo,-32.24295,148.604843,66.2,63.0,90.0,3.65,AU,1599978262.0
Umm Kaddadah,13.6,26.7,77.5,68.0,96.0,14.88,SD,1599978262.0
Russell,-35.266667,174.116667,77.0,94.0,1.0,6.04,NZ,1599978263.0
Lodwar,3.1166667,35.6,83.97,42.0,70.0,17.16,KE,1599978159.0
Half Moon Bay,37.4636111,-122.4275,62.6,100.0,90.0,3.96,US,1599978263.0
Zlatoustovsk,52.963889,133.596667,,,,,RU,
Yuncheng,35.023056,110.992778,82.33,42.0,30.0,13.53,CN,1599978263.0
Keti Bandar,24.144722,67.449722,87.84,68.0,77.0,10.29,PK,1599978264.0
Machiques,10.064444400000001,-72.545,76.06,82.0,100.0,2.3,VE,1599978264.0
Quelimane,-17.8786111,36.8883333,75.54,71.0,84.0,5.01,MZ,1599978264.0
Wanaka,-44.7,169.15,47.23,75.0,92.0,7.2,NZ,1599978264.0
Muros,42.776173,-9.060316,71.01,56.0,20.0,6.93,ES,1599978264.0
Camacha,33.083333,-16.333333,69.8,88.0,20.0,4.7,PT,1599978265.0
Tasbuget,44.772778,65.5525,,,,,KZ,
Oranjestad,17.466666699999998,-62.9833333,82.4,78.0,20.0,9.17,AW,1599978251.0
Onega,63.90606700000001,38.140347999999996,52.47,91.0,100.0,14.58,RU,1599978265.0
Massaguet,12.474166699999998,15.442777800000002,73.4,100.0,20.0,3.74,TD,1599978265.0
Bull Savanna,17.8833333,-77.6,76.89,84.0,46.0,3.47,JM,1599978266.0
Pahrump,36.2083333,-115.98305559999999,73.99,18.0,0.0,2.15,US,1599978266.0
Bell Ville,-32.625906,-62.68873000000001,46.99,66.0,1.0,1.99,AR,1599978266.0
Ngunguru,-35.616667,174.5,55.99,36.0,0.0,5.99,NZ,1599978266.0
Mareeba,-16.995001000000002,145.423233,73.99,83.0,69.0,5.01,AU,1599978266.0
Maihar,24.266667,80.75,91.26,54.0,55.0,0.83,IN,1599978267.0
Alyangula,-13.85413,136.421295,84.2,58.0,75.0,4.7,AU,1599978267.0
Goderich,43.733333,-81.7,68.0,92.0,99.0,16.49,SL,1599978267.0
Havre-Saint-Pierre,50.25,-63.583332999999996,44.6,93.0,90.0,3.36,CA,1599978267.0
Hays,38.8791667,-99.32638890000001,77.0,81.0,61.0,6.08,US,1599978267.0
Banjarmasin,-3.333333,114.58333300000001,89.6,55.0,75.0,6.93,ID,1599978234.0
Coahuayana,18.7,-103.658333,77.59,85.0,54.0,3.09,MX,1599978268.0
Deputatskiy,69.3,139.9,53.2,50.0,100.0,2.64,RU,1599978268.0
Tambura,5.6,27.4666667,72.39,92.0,91.0,3.11,SD,1599978269.0
Kyshtovka,56.55498299999999,76.627127,60.4,64.0,99.0,11.39,RU,1599978123.0
Catamarca,-28.469573999999998,-65.785239,46.0,81.0,0.0,4.0,AR,1599978269.0
Moundou,8.566666699999999,16.0833333,71.83,94.0,98.0,4.23,TD,1599978269.0
Tanout,14.970277800000002,8.891666699999998,85.03,38.0,64.0,10.94,NE,1599978269.0
Carauari,-4.879167,-66.89805600000001,74.52,86.0,43.0,0.87,BR,1599978270.0
Aguas Vermelhas,-15.75,-41.466667,62.33,83.0,26.0,7.38,BR,1599978270.0
Liberal,37.0430556,-100.9205556,53.6,81.0,1.0,4.7,US,1599978270.0
Sao Pedro Do Sul,-29.616667,-54.166667000000004,62.64,97.0,86.0,8.23,BR,1599978270.0
Burg,52.266667,11.85,59.0,84.0,89.0,1.01,DE,1599978270.0
Tilichiki,60.466667,166.1,46.98,78.0,92.0,11.56,RU,1599978271.0
Miri,4.4148,114.0089,87.01,70.0,40.0,8.05,MY,1599978271.0
Dunedin,-45.866667,170.5,51.01,77.0,99.0,1.01,NZ,1599978164.0
Beyneu,45.316666999999995,55.2,78.19,20.0,0.0,2.04,KZ,1599978271.0
Townsville,-19.266389999999998,146.805695,78.8,61.0,22.0,21.92,AU,1599978271.0
Blind River,46.183333000000005,-82.95,64.4,93.0,90.0,13.87,CA,1599978272.0
Monchegorsk,67.939722,32.873889,48.65,86.0,98.0,1.19,RU,1599978272.0
Benghazi,32.1166667,20.0666667,79.99,46.0,3.0,6.4,LY,1599978272.0
Baft,29.2331,56.6022,70.63,19.0,0.0,8.1,IR,1599978272.0
Morgan City,29.699166700000003,-91.2066667,77.0,100.0,40.0,5.82,US,1599978272.0
Pasir Gudang,1.462,103.9053,88.0,94.0,75.0,2.24,MY,1599978273.0
Palanga,55.9175,21.068611100000002,60.8,72.0,75.0,9.17,LT,1599978273.0
Lodja,-3.483333,23.433332999999998,76.26,77.0,50.0,2.91,CD,1599978273.0
Laguna,-28.483333000000002,-48.783333,71.01,64.0,90.0,4.03,BR,1599978055.0
Talara,-4.5772222000000005,-81.2719444,63.75,83.0,27.0,14.94,PE,1599978274.0
Klyuchevskiy,53.5317,119.4519,66.99,42.0,11.0,7.78,RU,1599978274.0
Lamu,-2.2783333,40.9033333,82.4,69.0,20.0,11.41,KE,1599978274.0
Sterling,60.53722220000001,-150.7647222,62.01,87.0,20.0,4.76,US,1599978274.0
Saint-Augustin,51.233333,-58.65,44.17,66.0,58.0,5.28,CA,1599978274.0
Kieta,-6.2166667,155.6333333,83.93,72.0,11.0,5.06,PG,1599978275.0
Bandipur,34.416667,74.65,82.04,73.0,13.0,3.4,IN,1599978129.0
Bacungan,8.1551,122.9311,91.4,52.0,95.0,11.41,PH,1599978275.0
Carballo,43.214403000000004,-8.691015,71.01,87.0,43.0,8.05,ES,1599978275.0
Marawi,7.998611,124.292778,84.0,82.0,82.0,7.0,SD,1599978275.0
Atkinson,15.516666699999998,-61.2666667,48.2,100.0,1.0,2.1,DM,1599978276.0
Beaverlodge,55.2,-119.45,42.8,87.0,40.0,6.93,CA,1599978276.0
Chimbote,-9.083333300000001,-78.6,58.06,90.0,10.0,5.59,PE,1599978276.0
Gallup,35.5280556,-108.74194440000001,52.0,29.0,1.0,6.93,US,1599978276.0
Asmar,35.033328000000004,71.358087,85.14,36.0,21.0,6.02,AF,1599978277.0
Terney,45.050278000000006,136.60916699999999,60.87,69.0,80.0,18.19,RU,1599978277.0
Salmon Arm,50.7,-119.28333300000001,64.0,48.0,65.0,0.47,CA,1599978277.0
Moussoro,13.6425,16.4888889,81.0,66.0,94.0,7.11,TD,1599978277.0
Baihar,22.1,80.55,87.4,62.0,100.0,4.54,IN,1599978278.0
Graneros,-34.066666999999995,-70.733333,46.13,75.0,1.0,4.29,CL,1599978278.0
Bua Yai,15.55,102.43333299999999,93.0,47.0,97.0,3.85,TH,1599978278.0
Karaul,70.076667,83.191389,,,,,RU,
Bocaranga,6.9833333,15.65,,,,,CF,
Thano Bula Khan,25.41113,67.785188,,,,,PK,
Jaru,-10.433333,-62.45,77.02,50.0,0.0,1.86,BR,1599978278.0
Kanchanaburi,14.003195000000002,99.55005600000001,88.2,61.0,97.0,2.42,TH,1599978279.0
Grand Centre,54.416667000000004,-110.215278,,,,,CA,
Ballina,-28.864140000000003,153.56541399999998,70.0,64.0,32.0,13.87,AU,1599978279.0
Falam,22.9166667,93.6833333,71.11,98.0,100.0,0.87,MM,1599978279.0
Dagana,16.5166667,-15.5,81.52,77.0,4.0,10.8,SN,1599978280.0
Kamenskiy,50.885472,45.488009999999996,62.02,49.0,0.0,1.95,RU,1599978280.0
Tomari,47.765833,142.068333,64.29,50.0,100.0,5.14,RU,1599978280.0
Morgantown,39.6294444,-79.95611109999999,71.6,68.0,90.0,8.05,US,1599978077.0
Dukat,62.55,155.55,44.94,67.0,71.0,12.12,RU,1599978280.0
Omsukchan,62.533333,155.8,47.73,63.0,66.0,13.38,RU,1599978281.0
Ekhabi,53.499722,142.968611,63.27,51.0,0.0,1.34,RU,1599978281.0
Trat,12.241028,102.515472,90.0,88.0,75.0,3.69,TH,1599978281.0
Parksville,49.3,-124.316667,54.0,91.0,50.0,1.25,CA,1599978262.0
Okhotsk,59.38333299999999,143.3,65.07,46.0,40.0,9.66,RU,1599978281.0
Padang,-0.9531540000000001,100.367659,85.48,63.0,66.0,6.58,ID,1599978282.0
Correntina,-13.333332999999998,-44.65,64.92,63.0,0.0,5.75,BR,1599978157.0
Gogrial,8.5333333,28.116666700000003,73.8,91.0,100.0,0.85,SD,1599978282.0
Nchelenge,-9.35,28.733333299999998,73.17,46.0,99.0,7.56,ZM,1599978282.0
Kandrian,-6.2166667,149.55,81.18,73.0,14.0,15.97,PG,1599978282.0
Manggar,-2.8833330000000004,108.266667,81.81,73.0,97.0,6.96,ID,1599978283.0
Nantucket,41.283333299999995,-70.1,61.0,82.0,1.0,10.29,US,1599978092.0
Sosua,19.75,-70.5166667,81.0,94.0,20.0,6.67,DO,1599978283.0
Shahrud,36.418189,54.976282,74.26,23.0,0.0,7.83,IR,1599978283.0
Synya,65.371849,58.038736,44.96,93.0,100.0,8.97,RU,1599978283.0
Vikhorevka,56.1201,101.1636,46.4,87.0,75.0,11.18,RU,1599978063.0
